Cluster Labels,Neighborhood,Neighborhood Latitude,Neighborhood Longitude,Venue,Venue Latitude,Venue Longitude,Venue Id,Price_M2,Rating,Review,Price
3,Moema,-23.594584750000003,-46.66180113333783,Chicohamburger,-23.600686289147728,-46.65930601155046,4b30180ef964a520f6f524e3,10160,8.3,"['Chico Buarque. Chico Anysio. Chico Mendes. Chico Xavier. Chico Bento. Chico Science. Chico Cesar. Chico Pinheiro. Chico Lang. Chicohamburguer.', 'O estacionamento finalmente passou a ser de gra√ßa! Agora sim!!!']",2
3,Moema,-23.594584750000003,-46.66180113333783,Tradi,-23.59541282818014,-46.6666761204985,56633f71498ec93dd3483489,10160,8.5,"['T√£o bom que comi dois! Or√°culo e Ipiranga. √ìtima carne, ponto perfeito! Uma bela op√ß√£o de hamburgueria na regi√£o, recomendo!', 'O Or√°culo √© um burger de personalidade e muito sabor, um dos melhores da cidade. As batatas e a maionese s√£o boas, mas sem destaque. O atendimento foi √≥timo.']",2
3,Moema,-23.594584750000003,-46.66180113333783,Bullguer,-23.597058,-46.667724,5506eeac498e2883360e7b7d,10160,8.3,"['J√° comeu no Shake Shack? Gostou? T√° com saudades? Se sim, venha aqui que ser√° o mais pr√≥ximo que voc√™ vai conseguir em SP. Se n√£o, venha que o hamb√∫rguer √© bom e sem frescura. Recomendo pedir duplo.', 'Os pre√ßos s√£o √≥timos, os lanches muito bons, berry lemonade gelada e batata bem temperada! üòçüòç']",2
8,Moema,-23.594584750000003,-46.66180113333783,Stop Dog,-23.59532007858101,-46.67019009590149,4b4fb4e6f964a520d41127e3,10160,7.5,"['Cheese Burguer Especial = Cheese Burger + Maionese + Vinagrete', 'A melhor maionese do mundo, coma com batatas!!']",2
0,Moema,-23.594584750000003,-46.66180113333783,America,-23.59760398671088,-46.66717587436119,4b2b99e8f964a52013b824e3,10160,6.6,"['Frozen LAJOTINHA!!! Sensacional!!!!!!', 'O servi√ßo hoje 30/01/2011 estava sofr√≠vel.']",2
8,Moema,-23.594584750000003,-46.66180113333783,Applebee's,-23.602541309372885,-46.66318579974132,4b2e55b1f964a5206dde24e3,10160,7.6,"['Divertido p quem tem 8 anos. Alta gastronomia p quem tem 18. Mico p quem tem 28. Afronta ao paladar de quem tem 38. O inferno p quem tem 48.', 'Eu sei que tava muita fila no Outback e voc√™ acabou vindo pra c√°.']",2
3,Ibirapuera,-23.5769519,-46.6546353,Big Kahuna Burger,-23.573396158481422,-46.65591047626471,50f88bd7e4b0ff62a1e089b5,18154,8.5,"['Senha do wifi: tarantino', ""Muito bom o Jack Rabbit Slim's. Hamb√∫rguer vegetariano a base de mix de legumes coberto com queijo brie no p√£o australiano. Incr√≠vel!""]",2
3,Ibirapuera,-23.5769519,-46.6546353,St. Louis Burger,-23.571396930357437,-46.656162557875476,4b072ca2f964a520caf822e3,18154,8.5,"['Senha Wi-fi: 1130513435', 'Nao se engane! Berry Lemonade s√≥ se for com Vodka! Vem!']",2
4,Ibirapuera,-23.5769519,-46.6546353,212 Burger,-23.569406541148265,-46.656517531917146,57410a08498e7647f807fe82,18154,8.0,"['Gostei muito dos lanches, a batata estava crocante e tanto o ch√° da casa como a pink lemonade estavam muitos boas! Os pre√ßos s√£o justos.', 'Bom ambiente, gerente atencioso. Os lanches s√£o pequenos pelo pre√ßo praticado. Poucas op√ß√µes de cerveja. Milk shake gostoso.']",1
8,Ibirapuera,-23.5769519,-46.6546353,New's Lanchonete,-23.581333517517542,-46.65124297142029,4b563d78f964a520f60628e3,18154,7.6,"['Se prepara que o servi√ßo √© uma merda!', 'Lanchonete incr√≠vel, h√° mais de 4 decadas no bairro. Excelente burguer e milk shakes de dar √°gua na boca! O Guia SP de Bolso recomenda!']",2
4,Ibirapuera,-23.5769519,-46.6546353,"Luz, C√¢mera, Burger!",-23.582877272730578,-46.649755650540406,55149e22498ead17c7b2732c,18154,7.6,"['Hamb√∫rguer saboroso - carne macia e deliciosa, maionese caseira sensacional, batatas muito boas, lugar charmoso e atendimento excelente. Absolutamente nota 10! Recomendo os sandu√≠ches Balboa e 16mm', 'A fama n√£o √© injusta. Um dos melhores hamb√∫rgueres de SP! A aten√ß√£o na apresenta√ß√£o, o atendimento e at√© a embalagem (papel mais grosso que o normal) garantem uma excelente experi√™ncia ao cliente! :)']",1
3,Ibirapuera,-23.5769519,-46.6546353,Terra√ßo Insalata,-23.57207300190146,-46.65925722210336,56bd1608498e38ac825a6c1b,18154,9.3,"['Aqui seu Pet üê∂ √© bem vindo!', 'Muito elegante, agrad√°vel e sofisticado.']",2
8,Ibirapuera,-23.5769519,-46.6546353,Lox Deli,-23.570363195249115,-46.65737275640643,528e2a7511d24bd1f94d3db8,18154,7.4,"['Pode levar cachorro. bagel, caf√© com leite e yogurte com mel. √ìtima pedida.', '√ìtima deli com salm√£o lox, gravlax, bagels e massas artesanais']",2
0,Ibirapuera,-23.5769519,-46.6546353,Fellows Lanchonete,-23.580578711063925,-46.65038889650337,4be8212fee96c928b8adfdbf,18154,5.9,"['Senha do wi-fi: 11261126', 'senha do wifi: 11261126']",2
8,Vila Olimpia,-23.5940278,-46.6842193,Madero Steak House,-23.595322425629245,-46.68680880274574,5182980d498ee2fcca64b47d,11750,8.0,"[""Don't waste your money or time. Servi√ßo mediano. Burger fin√≠ssimo, mal temperado, queijo safado, bacon borrachento. Fritas isopor safo de supermercado."", 'Melhor hamburguer de SP, junto com o do St. Louis, por√©m, n√£o √© t√£o gostoso quanto o do Madeiro de Curitiba. Vale a pena deixar um espacinho para o Petit Gateau de Doce de Leite com frutas vermelhas']",2
6,Vila Olimpia,-23.5940278,-46.6842193,General Prime Burger,-23.591711750831795,-46.69027014895468,4ff47b35e4b025109910da35,11750,7.6,"['A melhor trilha sonora de todos os restaurantes do shopping JK', 'Embora a comida seja muito boa (s√©rio!) o atendimento deixa a desejar, uma pena...']",3
0,Vila Olimpia,-23.5940278,-46.6842193,The Fifties,-23.593966306347152,-46.68946422749091,4b0bdfd7f964a520573423e3,11750,7.0,"['Demora pra caralho!', 'Gar√ßon, enquanto eu escolho o pedido, por favor, me traga BATATAS :DDD']",3
5,Vila Olimpia,-23.5940278,-46.6842193,Cabana Burger,-23.588166108322326,-46.68001228615307,59d65932a795bd637857fa28,11750,8.7,"['Excellent music, great fries and fine hamburger! Staff is attentive and friendly. Try the caipirinhas!!! Very cool environment.', 'As comidas s√£o boas, ambiente simples, atendimento regular. Pre√ßos altos, na m√©dia de R$25 s√≥ o lanche e carne de 100g, j√° os 160g beirando a m√©dia R$35. Existem hamburguerias melhores e mais honestas']",1
1,Vila Olimpia,-23.5940278,-46.6842193,ICI Brasserie,-23.59183937094589,-46.689949698011,50d3958ee4b05708575747c3,11750,9.0,"['Fabricada pela Cervejaria Colorado especialmente para o Ici Brasserie, a ICI 01 √© uma lager franco-brasileira: elaborada com l√∫pulos da Als√°cia e com a tradicional mandioca! N√£o deixe de experimentar!', 'Boeuf Bourguignon derrete na boca de t√£o macio!']",3
4,Vila Olimpia,-23.5940278,-46.6842193,Patties,-23.589307760681116,-46.68069899082184,5d65c34f9448680008d1c8d6,11750,7.9,"['Respeito quem goste, mas n√£o curti. A carne √© t√£o smashed que n√£o tem gosto de carne. Hamb√∫rguer pra quem gosta de carne bem passada...', 'Nota 10, meu povo!']",1
0,Vila Olimpia,-23.5940278,-46.6842193,Alpendre Burger & Beer,-23.59442745127708,-46.68432425950521,4bb36dfba32876b0a9a801fe,11750,7.2,"['A costela daqui n√£o tem igual e pode superar a do Outback, pq o tempero a torna mais suave e saborosa! √â a pedida para o almo√ßo!', 'A costela fod√°stica tamb√©m √© feita pra viagem. Ta esperando o que pra impressionar o sogro?']",2
1,Vila Olimpia,-23.5940278,-46.6842193,Outback Steakhouse,-23.595258354217325,-46.686512364178355,4e56a24ec65be3cea468f634,11750,8.7,"['Chegar domingo, 19h e sentar na hora. S√≥ neste outback! E o atendimento √© √≥timo :)', 'Otima surpresa: disparado o melhor Outback de SP! Atendimento excepcional e sem filas. Mas shhhh, n√£o espalha ;)']",3
8,Vila Olimpia,-23.5940278,-46.6842193,Pibus,-23.589357920772517,-46.67707548178233,4b1eaab3f964a520831d24e3,11750,7.9,"['hamb√∫rguer no p√£o de queijo. pe√ßa e seja feliz.', 'Se voc√™ for um refugiado de guerra, estiver faminto, v√° de Maxi Pibus!']",2
3,Vila Olimpia,-23.5940278,-46.6842193,Brodo Rosticceria,-23.59298857568276,-46.67548701345352,51cf3285498e00f5060bcc1f,11750,8.6,"['Lugar lindo e com massas artesanais deliciosas. Sugest√£o: ravioli de picadinho. De sobremesa nao deixe de pedi o ravioli de brigadeiro(foto)', '√ìtimo restaurante. A comida √© muito saborosa e o atendimento super atencioso. De entradinha servem uma saladinha fresquinha. De prato principal o ravioli de picadinho √© imperd√≠vel. Vale a visita']",2
6,Vila Olimpia,-23.5940278,-46.6842193,Boston Bakery,-23.59152984322143,-46.67801141738891,4f5883c8e4b0882cd6b6c7fc,11750,7.9,"['Melhor padaria!!! Melhor comida por kilo da regi√£o... Muita qualidade, e muita variedade.', 'Nao recomendo esse lugar pra ninguem. PESSIMO atendimento,exageradamente demorado, esquecem seu pedido mesmo quando est√° pouco movimentado e, o principal, a comida deixa muito √† desejar.']",3
0,Vila Olimpia,-23.5940278,-46.6842193,Quintas do Cardoso Bar,-23.598534480274083,-46.6845566679574,4bc88c4892b376b09697513a,11750,6.1,"['Orgasmo gastron√¥mico kkkk', 'Comida fant√°stica, faz jus aos pre√ßos acima da m√©dia. Al√©m dos pratos como o filet de frango com molho de mostarda, tente os burguers (Todos feitos de picanha). Excelente op√ß√£o de almo√ßo!']",2
0,Vila Olimpia,-23.5940278,-46.6842193,Burger King,-23.591420201074385,-46.690029486750184,4fbfc522e4b099ce167f89bf,11750,5.6,"['Sempre lotado e desorganizado.', 'Demorad√≠ssimo, confuso! N√£o venha se estiver com pressa ou sem muuuuita paci√™ncia!']",2
0,Vila Olimpia,-23.5940278,-46.6842193,McDonald's,-23.589401985712506,-46.68145148968434,4b1aa0c5f964a520cded23e3,11750,6.2,"['Bom que aqui √© 24h', 'Merda de loja nunca tem nada pro cafe da manha alem do que os atendentes sao retardados.']",2
4,Vila Madalena,-23.5464956,-46.6911243,Monday Night Burguer,-23.544054,-46.693022,53e95dc1498e13fbab4ce948,10820,7.3,"[':: Boa localiza√ß√£o, casa bacana e bem decorada, p√∫blico que (digamos) voc√™ vai curtir e o burger √© muito bom. E nem precisava ser t√£o gostoso.', 'great music, delicious food, feels like home with friends. they change the places sometimes, follow them in FB and Instagram to know more']",1
7,Vila Madalena,-23.5464956,-46.6911243,Burguer Fun,-23.552866,-46.689526,59c40f04e1f0aa4b92c7f81b,10820,7.1,"['Melhor hamburgueria de SP! Vc monta o seu lanche do jeito que gosta, escolhendo o p√£o, tipo de queijo, ponto da carne e os ingredientes. Carne saborosa e mto suculenta e o lugar √© uma gra√ßa!']",1
2,Vila Madalena,-23.5464956,-46.6911243,Alladin Burguer,-23.54520959096913,-46.69246633709994,53d1213f498e98bfa2b76e70,10820,5.0,"['O atendimento √≥... Uma bosta!', 'Os lanches sao gostosos. Porem, os atendentes parecem que estao lhe fazendo um enorme favor e fingem que nao ve quando estamos chamando. Eh preciso implorar para ser atendido, alem da demora.']",1
0,Alto de Pinheiros,-23.549549499999998,-46.71215478648649,McDonald's,-23.553399481091564,-46.70766013682884,4b508dddf964a5201e2727e3,11261,6.2,"['Precisam coibir a a√ßao daqueles flanelinhas marmanjos que ficam ali em frente desde sempre.', 'Drive Thru demora pra caralho!!!!']",2
6,Consolacao,-23.5578872,-46.6603212,America,-23.557069312288533,-46.661249822769044,4b0d495df964a520ab4523e3,9890,7.9,"['P√©ssimo atendimento. Precisam melhorar muito para cobrar o valor do card√°pio.', 'Grelhado com salada para ser light ou hamburguers para se deliciar. Se estiver afim de sobremesa n√£o deixe de provar o farofini.']",3
8,Consolacao,-23.5578872,-46.6603212,Ritz,-23.561858098634243,-46.66367635109445,4b09d590f964a5206f1e23e3,9890,8.8,"['Gostoso da comida ao gerente!', 'MA CHE! A salada est√° 40 reais! Vou pedir empr√©stimo pra pagar a conta!']",2
8,Consolacao,-23.5578872,-46.6603212,Hamburgueria do Sujinho,-23.55286504891937,-46.66045273678489,4b192079f964a52049d823e3,9890,8.2,"['N√£o aceitar cart√µes √©, no m√≠nimo, rid√≠culo.', 'No card√°pio, apetitosos hamb√∫rgueres de 80, 160 e 250 gramas preparados no carv√£o. Complementos como salada de repolho curtido s√£o pedidos √† parte. Entre os lanches especiais, experimente o mathias.']",2
6,Consolacao,-23.5578872,-46.6603212,Lanchonete da Cidade,-23.562879189339636,-46.66479504087932,4b0acd14f964a5200a2823e3,9890,8.4,"['Batata r√∫stica + tropic√°lia = vida!', 'O card√°pio lista acertos e mais acertos. Do time dos hot-dogs, prove o bidu, com a salsicha acrescida de queijo de cabra. O hamb√∫rguer supimpa tem bacon, cebola e queijo estepe.']",3
5,Consolacao,-23.5578872,-46.6603212,Guarita Burger,-23.55613446654722,-46.658482760719295,5ae3970566fc65002c6cb3e6,9890,9.0,"['O hamb√∫rguer √© maravilhoso! Muito suculento, macio, saboroso. O queijo bem derretido... peguei o de alho negro! Recomendo, com a batata picante e os ch√°s de hibisco e gengibre.', 'Hamb√∫rguer bom e barato, drinks bons e ch√° mate com hibisco √≥timo  (e √© refil!)']",1
6,Consolacao,-23.5578872,-46.6603212,Paulista Burger,-23.556584942706166,-46.65866719475352,51d35954498ee12c37acc0cd,9890,7.3,"['o p√£o do ""saboroso"" √© t√£o fofinho que d√° vontade de pegar no colo e ficar fazendo carinho. experimente.', 'Todo mundo bebe e come nos butecos imundos da Augusta e vem aqui reclamar rsrs! Lugar bom, lanche bem servido, bem localizado e atende naquele momento de fome r√°pida. Vale!']",3
8,Consolacao,-23.5578872,-46.6603212,Hotel Bar,-23.555791327407356,-46.657234819163676,55e787e8498e68a40bfde0e0,9890,8.1,"['Promo√ß√µes de drinks, v√°rias op√ß√µes de cerveja e todos os hamb√∫rgueres s√£o muito gostosos! Meu bar favorito <3', 'Mudou pra melhor desde que abriu']",2
8,Consolacao,-23.5578872,-46.6603212,Bullguer,-23.56257140973307,-46.65885609333402,5aa6da13e65d0c698ae35eee,9890,8.3,"['O custo benef√≠cio √© excelente e o lanche parece muito com o shake shack', 'Lanches saborosos e sal√£o amplo.']",1
8,Consolacao,-23.5578872,-46.6603212,Food Street,-23.553489484935913,-46.6552494735846,576dd0f7498e95e8e5fcaf2a,9890,8.9,"['Decora√ß√£o descolada, hamb√∫rgueres e batata incr√≠vel, milkshake de Nutela mara, tudo isso com um pre√ßo muito bom! Adoroo', 'O melhor hamb√∫rguer que j√° comi, sem exagero! Os funcion√°rios s√£o muito simp√°ticos e o dono ent√£o, fora de s√©rie! O pre√ßo √© compat√≠vel com o servi√ßo oferecido, com certeza voltarei in√∫meras vezes!ü•∞üòÑ']",2
8,Consolacao,-23.5578872,-46.6603212,Burdog,-23.55556033801585,-46.66714396910495,4b095b78f964a5201c1623e3,9890,7.7,"['Me perdoem os mais esnobes mas esse √© o melhor hamb√∫rguer de S√£o Paulo. X-Burdog Picanha A maionese √© de outro planeta.', 'P√≥s balada, coma, e durma igual a um sapo de barriga pra cima']",2
8,Consolacao,-23.5578872,-46.6603212,Cal√ßad√£o Urbanoide,-23.555583809894653,-46.65687107202868,54961bd6498e91fedc51dd8c,9890,8.2,"['Quermesse hipster. Poucas op√ß√µes vegetarianas e menos ainda veganas, mas √© um passeio gostoso para um domingo. O hamb√∫rguer da foto √© o Vegga Burguer da Augusta Bakery.', 'Para√≠so da gourmetiza√ß√£o. Pre√ßos tabelados e altos, por√ß√µes pequenas. O princ√≠pio de food truck perdido.']",2
7,Consolacao,-23.5578872,-46.6603212,Hamburgueria Paulista,-23.55610390084177,-46.658386526482694,525867ea11d25ff1fb87c868,9890,7.2,"['Pe√ßa pelo Saboroso! Hamb√∫rguer su√≠no maravilhoso com um chutney de cebola roxa elaborado com mel e especiarias divino!', 'A variedade n√£o √© grande, mas as op√ß√µes s√£o super diferentes. Boas op√ß√µes vegetarianas. Mas o chilli burguer √© simplesmente o melhor!!']",1
6,Consolacao,-23.5578872,-46.6603212,Beach Burger,-23.564559329613115,-46.665076401765745,5540146d498e78f68b5661c0,9890,7.4,"['Bom burger (n√£o extraordin√°rio) e atendimento simp√°tico. Voltaria? √â poss√≠vel. Comeria novamente a batata frita bem sem gra√ßa? N√£o.', 'Picadinho de mignon bem saboroso e bem servido!']",3
8,Consolacao,-23.5578872,-46.6603212,O'Malley's,-23.558173565821697,-46.66600668829778,4b076460f964a5200dfd22e3,9890,8.8,"['Com intenso clima de paquera, conta com balcoÃÉes de madeira escura, TVs ligadas em canais de esportes e torneiras de chope importado (Guinness e Old Speckled Hen).', 'Pe√ßa a por√ß√£o de batata frita com cheddar e bacon pra acompanhar sua bebida, recomendo.']",2
7,Consolacao,-23.5578872,-46.6603212,L.E. Burger,-23.562179389740034,-46.66339370049994,586e602e14250b16ace25b86,9890,6.7,"['Big Bang Potatoes! Ask for a side of dark beer mayo üòã', 'Lugar uma tematica sensacional. Comida Boa!']",1
8,Consolacao,-23.5578872,-46.6603212,Bella Paulista,-23.556265438755066,-46.65997466813044,4b2e5d5af964a520e0de24e3,9890,8.7,"['Sucesso de p√∫blico, do caf√© √† alta madrugada. Assado na lenha, sandu√≠che de presunto cozido com queijo e tomate. O brownie com calda de chocolate pode ser pedido com sorvete de creme.', 'Uma aula de marketing: como manter a casa cheia com atendimento ruim, displicente, confuso e produtos que pecam no padr√£o de qualidade.']",2
6,Consolacao,-23.5578872,-46.6603212,Outback Steakhouse,-23.55473359553626,-46.65231537414701,52613790498e183065ed0d32,9890,8.8,"['Otimo atendimento, comida sempre boa e padrao! Nada mais gostoso que pra um domingao pregui√ßoso. Sem filas por enquanto.....kkkkkk', 'Novinho, ainda tranquilo. Nunca entrei em um Outback para sentar logo em seguida! Excelente atendimento e o melhor, pertinho de casa!']",3
2,Consolacao,-23.5578872,-46.6603212,Hamburgueria 162,-23.556880915445234,-46.65892383068729,4d710f46766da143c93258ad,9890,5.8,"['Um lugar que fica com a tv sintonizada no cartoon merece o respeito de todos. FORTE ABS.', 'Agrada o hamb√∫rguer artesanal de patinho e gordura de picanha. O bife de 160 gramas vem coberto de pat√™ suave de f√≠gado de galinha, picles de pepino, molho b√©arnaise e parmes√£o chapeado.']",2
2,Consolacao,-23.5578872,-46.6603212,McDonald‚Äôs,-23.560210740100597,-46.65803968906402,5da9f13bd1709e00083d2f60,9890,6.0,"['N√£o v√°. Muita propaganda e pouco servi√ßo.', 'Nada de bom. E n√£o se deve colocar o secador autom√°tico  de m√£os perto da pia.']",1
7,Consolacao,-23.5578872,-46.6603212,Lox Deli,-23.5556061661074,-46.65687330494033,5627a387498ea473ad12c10d,9890,6.4,"['Hamb√∫rguer maravilhoso, bem sequinho, nada oleoso! Pe√ßa o hamb√∫rguer com shimeji e brie no p√£o preto!', 'Adoro. Comam o hamb√∫rguer aqui']",1
2,Consolacao,-23.5578872,-46.6603212,Bike Burguer,-23.563215357199212,-46.654280916979694,54b6ea4d498ed19bf2dc9b2f,9890,6.1,"['√ìtimo pre√ßo, boa apresenta√ß√£o e limpo. hamb√∫rguer fino mas saboroso, pouco queijo, bacon no ponto ideal, maionese hellmans e p√£o macio. Localizado na frente do fiesp-paulista!', 'Hamb√∫rguer caseiro, muito bem feito e saboroso.']",1
2,Consolacao,-23.5578872,-46.6603212,O¬¥Malleys Table,-23.557879020508736,-46.666065817274195,54afc239498ecdaf88e8916d,9890,5.9,"['Lugar tranquilo com boa aten√ß√£o, se funcion√°rio HC tem desconto. Muito bom o salm√£o e fil√© com br√≥colis e experimente as sobremesas', 'Staff atencioso. O Pad thai de fil√© mignon estava muito bom ( ideal com uma IPA) .Tem uma sele√ß√£o interessante de Fullers .']",2
7,Consolacao,-23.5578872,-46.6603212,Tex Redneck Bar,-23.553764950330276,-46.65556227564337,53c6f2c3498e965c881f60df,9890,6.7,"['ainda h√° esperan√ßa de lugares diferentes em SP. muito muito muito sensacional!', 'A melhor op√ß√£o da Augusta! Boliche, karaoke e uma boa carta de cervejas a pre√ßos justos. Os burgers s√£o sensacionais (experimente o Red Neck Burger)! No final de semana bomba e rola uma fila.']",2
8,Consolacao,-23.5578872,-46.6603212,Athenas,-23.556664931579363,-46.65780004091349,4e9a19607ee539c8570ea822,9890,7.9,"['Self-service bom e barato em rela√ß√£o aos demais na regi√£o.', 'Comida boa e o atendimento √© 10! Edgar e Ana s√£o fant√°sticos.']",2
8,Consolacao,-23.5578872,-46.6603212,Seen,-23.56398365780549,-46.65609751893149,590e57fb8134880da578c119,9890,9.0,"['The hostesses were great but the bar is a mess, they yelled at me and my husband in front of the other guests made everyone uncomfortable. Way to ruin ournight. Go anywhere else for drinks and dinner.', 'Atendimento impec√°vel, ambiente lindo, massa com molho de parmes√£o e trufas estava deliciosa, tamb√©m pe√ßam o carpaccio de carne.']",2
8,Consolacao,-23.5578872,-46.6603212,Tuba√≠na Bar,-23.55453611915501,-46.658077239990234,4b26badef964a5201c8024e3,9890,7.8,"['Local aconchegante, descolado, atendimento diferenciado e v√°rios r√≥tulos de cervejarias artesanais, al√©m de tuba√≠nas. Petiscos igualmente deliciosos.', ""Uma quarta por m√™s a Trash 80's invade o Tuba√≠na com as m√∫sicas mais divertidas da d√©cada de 1980.""]",2
2,Consolacao,-23.5578872,-46.6603212,New York City Pasta & Burger,-23.554739574436578,-46.65225280415612,4b733740f964a52066a22de3,9890,5.5,"['Vale a pena abrir m√£o do Mc Donalds pra comer um sandu√≠che aqui.', 'Experimente as sobremesas, s√£o divinas!']",2
8,Consolacao,-23.5578872,-46.6603212,Frevo,-23.557036165744837,-46.659091379739934,4b0febe0f964a5204c6623e3,9890,6.9,"['Cuidado: namoros que come√ßam aqui podem durar mais de 5 anos.', 'O melhor do Frevo √© o sil√™ncio que impera no local. Entrando no restaurante, fale baixo! <3']",2
6,Consolacao,-23.5578872,-46.6603212,Lil√≥ri,-23.565100200342595,-46.66144299922288,53d90229498ebf1c1817da8d,9890,7.9,"['O brigadeiro √© sensacional! üòã O p√£o na chapa e o chocolate quente tamb√©m. O p√£o mineirinho n√£o me conquistou muito, pois estava frio. O atendimento √© muito gentil e o espa√ßo uma gra√ßa. Adorei!', 'O brownie √© maravilhoso! Mas o pre√ßo... R$ 14 √© absurdo!!']",3
6,Consolacao,-23.5578872,-46.6603212,Villa Bahia Casa de P√£es,-23.54991894700059,-46.66053310068602,4b50c1c2f964a5202a3127e3,9890,7.3,"['O p√£o na chapa com requeij√£o √© sensacional e o espumante no caf√© da manh√£ uma alegria! :)', 'O melhor p√£i de queijo de SP']",3
2,Consolacao,-23.5578872,-46.6603212,McDonald's,-23.558937376630332,-46.66122761932667,4b12a0f9f964a520878b23e3,9890,5.7,"['As bandejas s√£o nojentas!', 'as pessoa falam muito mal do atendimento Mais elas  nao trabalhao l√° ent√£o deixem de criticar as pessoas e olhem pra voc√™s ser√° que no seu dia a dia S√£o sempre prefeitos .']",2
2,Consolacao,-23.5578872,-46.6603212,Burger King,-23.555622872292147,-46.657468378543854,568ee5d0498e2d4cec749b82,9890,5.1,"['Nunca tive problemas nessa loja, atendimento bom!', 'Minha experi√™ncia l√° √© de prepararem tudo na hora. Um dos melhores BK que conhe√ßo.']",1
5,Vila Clementino,-23.5980058,-46.6434179,Nilo Burgers,-23.601401134394205,-46.64816527738836,4c8c29f85e048cfa0b90cacd,9208,8.4,"['Recep√ß√£o diferente. O Nilo te trata como velhos amigos. Vc simplesmente se serve como se estivesse em casa, buscando bebida nas geladeiras. Clima se torna familiar. Destaque para o molho de alho!!', 'O Lu√≠s √© um cara bem legal, pena que nao gosta de mulher...']",1
3,Vila Clementino,-23.5980058,-46.6434179,The Pitchers Burger and Baseball,-23.604539871508646,-46.648558970714724,57195f2a498e92ae00653512,9208,9.2,"['A carne ao ponto estava espetacular! Pedi cheddar bacon e deu vontade de comer outro. Rs atendimento show! At√© ganhei a batata R√∫stica - top! Vale a visita!  voltarei para provar os outros lanches.', 'Clima americano, hamburger caseiro top. Fui no tradicional cheese salada e arrematei tbm um cheddar bacon. Cheesecake matador de sobremesa. Banheiro surpreende pelo q oferece. Grata surpresa! Nota 10']",2
4,Vila Clementino,-23.5980058,-46.6434179,Mr. Mill's Burguer,-23.602688847879378,-46.636415719985955,5132a1b3e4b06bad541a5c94,9208,7.9,"['Boas op√ß√µes de lanches e o hamb√∫rguer estava bem suculento.', 'Nda de bom, levam 2:15h p entregar o lanche e ainda entregar atrasado. E a atendente nem desculpa te pede....']",1
7,Vila Clementino,-23.5980058,-46.6434179,Underground Hamburguers,-23.597707188819705,-46.636542348835526,5ac946e89ef8ef073fb19833,9208,6.7,"['O hamb√∫rguer √© perfeito, o sistema de montar o lanche √© excelente. √ë deixe de pedir jalape√±o fryes e tomar a Pink lemonade. O $ eu achei justo frente √† qualidade dos ingredientes.', 'Ambiente super legal... mas o hamb√∫rguer em si deixou muito a desejar.']",1
0,Vila Clementino,-23.5980058,-46.6434179,Figone Burger and Cafe,-23.593201302055956,-46.63783431754825,51db2bbf498e39f03dfa3ffe,9208,6.1,"['TAP TOP, palitos de tapioca e queijo. S√£o dos c√©us! Vale a pena ir ao Figone nem que seja s√≥ para comer os TAP TOPs. Molho de mostarda e mel e a maionese temperada caem como uma luva! #taptop #tapioca', 'Senha wifi: 27294029']",2
0,Vila Clementino,-23.5980058,-46.6434179,Burger Place,-23.60260511427305,-46.648648290595226,4c0c50c8340720a1878f8993,9208,5.8,"['O √∫nico lugar em que a comida chega antes da bebida e a coca chega bem depois do suco. Precisa de mais agilidade. O pre√ßo √© alto pela entrega.', 'Experimentamos o Special Burguer Place, cheese picanha com hamb√∫rguer de 170g, p√£o preto com gergelim, bacon, alface americana, tomate caqui e maionese √° parte. Veja as fotos em http://goo.gl/XEkfk']",2
8,Campo Belo,-23.626730549999998,-46.669421429340844,Burger Table,-23.626287631698073,-46.67169985251555,550ca3c5498eb06e66b80885,10290,7.3,"['Original !!!! Hamb√∫rguer  na medida  da sua fome e paladar!! Batatinhas sequinhas com toque de sabor !!! O ambiente √© pequeno no entanto a proposta resolve o tamanho !! Vale muito conhecer !!!', 'Hamburger de √≥tima qualidade! Ponto correto! Estilo de hamburgueria unico, que nunca vi em S√£o Paulo! Gostei demais!']",2
7,Campo Belo,-23.626730549999998,-46.669421429340844,Stage Burguer,-23.62049145854138,-46.672248731157,585d32153bd4ab627cc5fbd3,10290,6.5,"['Os lanches s√£o sensacionais', 'Recomendo!']",1
2,Campo Belo,-23.626730549999998,-46.669421429340844,Dammit Burguer,-23.62053102117475,-46.67215482506143,553c3dd1498e3e5e08517338,10290,6.0,"['Hamburguer gostoso e pre√ßo justo!', 'Piorou muito. Copos de pl√°stico descart√°veis üò£üò°. Foi minha √∫ltima vez.']",1
2,Campo Belo,-23.626730549999998,-46.669421429340844,Burger King,-23.627727824314356,-46.67452097765029,54ea6958498e779c8a88bf99,10290,5.7,"['Pior Burguer King de todos. Sempre fecha mais cedo pq n√£o tem funcion√°rio. N√£o tem carne gde 15/02/2016. Nesse dia apenas lanche pequeno... N√£o recomendo', 'Em pleno s√°bado √† tarde o Drive Thru s√≥ serve para passear com o carro!! Tudo fechado e sem aviso! √ìtimo para ficar esperando a toa e com fome!']",1
2,Campo Belo,-23.626730549999998,-46.669421429340844,SP Burguer,-23.62305272883839,-46.661705403432414,4d9899a80caaa1430e4eb0b3,10290,4.5,"['√ìtimo atendimento!! Parab√©ns...', 'Lanche ruim credo...']",1
8,Brooklin,-23.6268017,-46.6881279,Burdog,-23.62824724683993,-46.68852076245972,521bee0711d2a77da141f6db,11240,7.9,"['A experi√™ncia de 30 anos ser√° determinante para o sucesso deste novo empreendimento. Espa√ßo bem planejado, bom estacionamento, qualidade e bom atendimento. Parab√©ns.', 'Local novo, funcion√°rios antigos e a mesma aten√ß√£o. Venho h√° muito tempo e sou sempre bem atendido. Hoje comi o frango empanado. Talvez um dos melhores sandu√≠ches que ja comi. Frango macio e saboroso!']",2
8,Brooklin,-23.6268017,-46.6881279,Louie Louie,-23.621401965669257,-46.68864199082193,4bbd3cd407809521ef6fda91,11240,7.8,"['A caipirinha de laranja lima √© maravilhosa, vai na f√©!', 'Recomendo!! melhor bar do Brooklin!!']",2
4,Brooklin,-23.6268017,-46.6881279,Batatinha Burguer,-23.6302913664343,-46.6947895852218,506266fde4b0cb8031d128e0,11240,7.6,"['Simplesmente delicioso ;)', 'Os hamburguers e os beirutes s√£o excelentes.. E enormes! Rs']",1
5,Vila Mariana,-23.5837,-46.63274082420693,Sandoiti Snack Bar (Sandoiti),-23.590401600262933,-46.63194179534912,5957f9b459fe5c1d1e11330a,9230,8.9,"['Great burger! Try the one with wasabi mayo if you like different flavors', 'A maionese de wasabi √© sensacional! Sem contar a variedade de cervejas artesanais... pra quem gosta de lanches (muitas op√ß√µes veganas), a visita √© obrigat√≥ria!']",1
5,Vila Mariana,-23.5837,-46.63274082420693,Burger Happens,-23.581166887108395,-46.6246114429583,57141c23498e6653e03c68f4,9230,9.3,"['Hamb√∫rgueres Artesanais Fant√°sticos, Cervejas Especiais e um ambiente totalmente descontra√≠do!!! Vale muito a Pena Conferir e se Surpreender!!!', 'O lugar √© pequeno, mas os lanches s√£o caseiros e sensacionais! Vale cada mordida... Pe√ßa o Classic. Atendimento excelente e cervejas artesanais. Voltarei com certeza!']",1
8,Vila Mariana,-23.5837,-46.63274082420693,Sorveteria e Lanchonete Yp√™,-23.580954909653705,-46.63878741546417,4bb51413ef159c74093c74f7,9230,7.6,"['Detergente? Detergente √© o caralho! MAIONESE √© Ype!!1', 'Riva o homem do x salada!!!!!']",2
8,Vila Mariana,-23.5837,-46.63274082420693,Jazz Rest√¥ & Burgers,-23.580937,-46.638972,51ae10fb498ee749a5951ef8,9230,7.1,"['Comida excelente, bom atendimento e ambiente √∫nico! O pre√ßo √© justo', 'Dica do ver√£o: a primavera q te fode: n√£o tem NENHUMA bebida com alcool! SOCORRO!!!!']",2
7,Vila Mariana,-23.5837,-46.63274082420693,Flame Burger,-23.58778909133738,-46.63399070677719,54d3808d498e1131dbb9c747,9230,6.8,"['Blend de porco e a batata frita.', 'Tanto os tradicionais qto os picantes s√£o excelentes! Um dos meus preferidos de SP']",1
3,Vila Mariana,-23.5837,-46.63274082420693,Prime Dog,-23.57948778424592,-46.63975777919177,4c0b40bba1b32d7fb7d79af0,9230,8.5,"['Melhor fast-food vegan sem debate. A dona atende na maior simpatia e sempre te atualiza das novidades veganas do lanchonete.', 'A tia do caixa eh pura simpatia!']",2
0,Vila Mariana,-23.5837,-46.63274082420693,Kebab Paulista,-23.588582699268944,-46.639018635973734,517179fee4b00befd5ae873f,9230,6.2,"['N√£o sei o que acontece, eles tem problemas com o tempo de entrega dos pedidos. Um prato j√° chegou a demorar mais de uma hora, um a√ßa√≠ - especialidade da casa, 30 minutos.', 'Os sucos s√£o bons e valem muito a pena! E rendem dois copos cheios.']",2
1,Perdizes,-23.537929499999997,-46.68067051085396,Mito Burger Original Diner,-23.53464700081972,-46.68042383516445,4b2b9571f964a520e4b724e3,8810,8.6,"['Simplesmente a melhor hamburgueria de S√£o Paulo. N√£o deixe de experimentar as Cocas com sabores, os milk shakes e a batata do Ze (corte artesanal, cheddar e bacon).', 'N√£o existe lugar melhor pra comemorar o dia do gordo!!']",3
5,Perdizes,-23.537929499999997,-46.68067051085396,AUS Burger,-23.54005812929726,-46.682777564680315,57c22db5498e68dc5548eee0,8810,8.8,"['Hamburger de Costela Su√≠na e potato wedge s√£o maravilhosos!!!!!!! Todo mundo merece experimentar um dia!!!!üëèüëèüëèüëè', 'Hamburger delicioso! Comi Canberra, de carne de costela...sensacional! Atendimento excelente. Refri e ch√° refis, batata r√∫stica muito boa. Pre√ßo justo. Voltarei com certeza!!']",1
4,Perdizes,-23.537929499999997,-46.68067051085396,Tioz√£o do Hamburguer,-23.53375064982651,-46.67896322298907,4f750b4ee4b0eeae721ce271,8810,7.7,"[""Melhor hamb√∫rguer da pomp√©ia, melhor atendimento, melhor card√°pio e melhor pre√ßo! Recomendado demais! Shake's Burguer √© sensacional!"", 'Atendimento perfeito, o hamb√∫rguer delicioso, na sa√≠da ainda √© oferecido um p√£o de mel delicioso, super recomendo. O local √© pequeno a por√ß√£o de fritas gigante e deliciosa ‚ù§']",1
8,Perdizes,-23.537929499999997,-46.68067051085396,Top Burguer,-23.53406,-46.683746,5169c795e4b0e47bf95e858f,8810,7.8,"['Simplesmente sensacional! Um.dos.melhored cheese saladas que eu j√° comi.', 'Hamb√∫rguer enorme, muito bom e com um √≥timo pre√ßo! Dica: se estiver em menos de 4 pessoas pe√ßa meia por√ß√£o de fritas! ;)']",2
4,Perdizes,-23.537929499999997,-46.68067051085396,Roast Food N' Fun,-23.533899819476574,-46.68169571977787,588536c46119f440616be985,8810,7.5,"['Bons lanches e muito bem servidos. Comi o pastrami e gostei. Quero voltar e provar o de frango que pareceu bom. Boas cervejas tamb√©m. Decente! Vale a recomenda√ß√£o', 'O sandu√≠che Kentucky √© bem grande. A maionese √© muito boa. Dica para os donos: deixar o lugar mais escuro.']",1
5,Perdizes,-23.537929499999997,-46.68067051085396,NOX Sandu√≠che Bar,-23.53061366507089,-46.683944133748156,57ef14b4498e54937f90d10d,8810,8.7,"['Burger foda, bacon crocante, p√£o tostadinho e por√ßao de tiras de frango maravilhosas! N√£o pense nem meia vez e venha!', 'tudo √≥timo: burger, sandu√≠che veg√™, chope fresco Colorado, frango de entrada, maionese, hamburguinhos, cheesecake, atendimento e pre√ßo.']",1
0,Perdizes,-23.537929499999997,-46.68067051085396,Burguer 700 Classic,-23.535271805882168,-46.67432002723217,5185a470498ee41632870cf6,8810,6.7,"['O Waffle de chocolate branco com calda de frutas vermelhas te faz acreditar em Deus!', 'Hamb√∫rguer de fraldinha com creme de cebola! Excelente escolha! Por√ß√£o de fritas tamb√©m √© mandat√≥ria!']",2
0,Perdizes,-23.537929499999997,-46.68067051085396,Engenharia do Hamburguer,-23.53366703969872,-46.676426196029794,4b28ec77f964a520349624e3,8810,6.4,"['Cheese Salada Bacon Egg estava perfeito! Bacon no ponto certo e maionese do amor, pena n√£o venderem refri 600ml.', 'A dona que fica no caixa e muito cu de burro...parece que ta sempre de mal com a vida, tenho do pessoal que trabalha com ela...']",2
6,Bela Vista,-23.5622095,-46.64776648788944,Johnny Rockets,-23.563865361471176,-46.65288624502136,552bba2e498e2f11fe7b3a8b,9480,7.9,"['Bom atendimento e comida', 'Milkshake Dark Chocolate, imperd√≠vel!!!']",3
6,Bela Vista,-23.5622095,-46.64776648788944,America,-23.566535201626564,-46.65243438713992,4b1072c3f964a520ab7023e3,9480,8.1,"['Valet de R$13,00 e o carro √© estacionado em um predio no meio do qiarter√£o e o manobrista manda vc buscar o carro... 4 manobristas sem fazer nada e eu q tenho q buscar o carro.', 'Dica: As massas (por serem mais delicadas) podem variar de qualidade de preparo em cada endere√ßo. Se quiser fios al dente, vale frisar a prefer√™ncia para o gar√ßom antes de pedir o fettuccine.']",3
8,Bela Vista,-23.5622095,-46.64776648788944,The Fifties,-23.56622836981727,-46.652817630054585,4b33669ff964a520291925e3,9480,7.9,"['PicBurguer Americano. Sempre.', 'Sigam-nos no Twitter e Facebook!']",2
8,Bela Vista,-23.5622095,-46.64776648788944,Young Burger,-23.55841716645208,-46.650581843309425,554b899f498e0b516d633dac,9480,7.8,"['Ambiente moderno e aconchegante, os gar√ßons s√£o muito atenciosos, a batata frita √© o diferencial, a melhor que tem por a√≠, os lanches muito bons, recomendo o American... Nota 10!', 'O lugar √© muito legal, a batata frita √© um diferencial, muito boa, os sandu√≠ches s√£o enormes, pedi o triplo e sa√≠ muito satisfeito, recomendo o American Burger.']",2
1,Bela Vista,-23.5622095,-46.64776648788944,The Blue Pub,-23.563104007763876,-46.65033239563087,4b4092cef964a52008b925e3,9480,8.5,"['Nunca tem onde sentar... :/', 'Senha da wifi: fullthrottle']",3
0,Bela Vista,-23.5622095,-46.64776648788944,Garota Paulista Burger & Salad,-23.567102536447347,-46.651476858241736,4bf2d1a86a31d13a93f1932e,9480,6.8,"['Lanches muito bons e suculentos. O espa√ßo √© ruim.', 'Cheese Salada √© um dos melhores!']",2
6,Bela Vista,-23.5622095,-46.64776648788944,Mexilh√£o,-23.558771799947724,-46.64640508680714,4ccd9c1b72106dcbbee2a399,9480,8.0,"['Achei o couvert car√≠ssimo pelo que oferecem e o pre√ßo do prato para uma pessoa  torno de R$ 110,00. Car√≠ssimo,, n√£o vale a pena!!!', 'Coquetel de Camar√£o...Divino']",3
1,Bela Vista,-23.5622095,-46.64776648788944,Titus Bar,-23.559531924636946,-46.64958983827683,4ed55c89cc216e1a541c5e43,9480,8.7,"['Cervejas especiais e um card√°pio pequeno por√©m interessante. O pre√ßo √© equivalente a um bom pub. Um pouco salgado para quem vive apertado! Rsrs', ""Boa carta de cervejas e ambiente aconchegante. No dia que visitamos estavam com chope Coruja Extra Viva e Fuller's London Pride! A Bruschetta de tomate seco e mussarela de b√∫fala √© uma del√≠cia.""]",3
0,Bela Vista,-23.5622095,-46.64776648788944,Burguer E Acai Lanches,-23.56048879468257,-46.64334877193904,4d90c608788c5481d0006cfd,9480,6.3,"['Feijuca mais leve e saborosa da regi√£o!! Super recomendo!!!', 'Pratos r√°pidos e econ√¥micos. Bom custo/beneficio.']",2
3,Bela Vista,-23.5622095,-46.64776648788944,S√≠ Se√±or!,-23.56496315356867,-46.65419341810664,51005f37e4b055b8655f8caf,9480,8.6,"['Desafio vcs a pedirem um suco de maracuj√° durante um almo√ßo na sexta-feira. Mais f√°cil chegar um filhote de pug com um sombrero do que aquilo que vc pediu.', 'Apesar da aus√™ncia - at√© o momento - do cara que faz os burritos e os tacos no almo√ßo, o buffet tem novidades muito saborosas em compara√ß√£o com as outras franquias da rede. Vale muito a pena!!']",2
0,Bela Vista,-23.5622095,-46.64776648788944,Black Dog,-23.566696001934325,-46.65182726843203,4b114ad8f964a520d87923e3,9480,6.6,"['3 anos sem vir aqui e a constata√ß√£o √© que o atendimento continua uma merda. Demora no caixa, demora no lanche, lanche errado e por a√≠ vai', 'Melhor cachorro-quente de Sampa. Mas tome cuidado na hora de comer o sanduba, pois a cada mordida o recheio amea√ßa escapar pelos lados e manchar a camiseta que voc√™ acabou de comprar na Threadless.']",2
0,Bela Vista,-23.5622095,-46.64776648788944,Burger King,-23.565363909701748,-46.65148973464966,5221307911d2958235eed90a,9480,5.3,"['O atendimento esta cada vez pior, a qualidade esta indo para o mesmo caminho. Lanches frios, batatas murchas, torradas e geladas. A limpeza deixa a desejar. üëé', 'Obesidade universit√°ria agradece! üò≠üî´']",2
2,Bela Vista,-23.5622095,-46.64776648788944,Burger King,-23.563699124282515,-46.65274957894648,55495b5f498e8be9d417234f,9480,5.1,"['Sempre lotado e atendimento demorado', 'O mega stacker At√¥mico 4.0 realmente √© imenso. Mata a fome nas primeiras mordidas. Custo benef√≠cio bom!']",1
5,Aclimacao,-23.5671021,-46.6268011,True Burger,-23.570874274110327,-46.62249735670075,57f28c7fcd10af69f3aaf896,8560,9.0,"['Melhor hamburgueria de sp, confia no ""DELUXE""', 'Hamb√∫rguer Deluxe, bem feito, 180 g de carne, queijo gorgonzola, cebola caramelizada, tomate e um onion ring. Ambiente bacana rolando um puro rock']",1
8,Aclimacao,-23.5671021,-46.6268011,Zip-Zip Burguer,-23.56359453880845,-46.62080881355281,4d1369689844b60c2787c2d4,8560,8.1,"['Uma lanchonete tradicional que oferece √≥timos lanches e uma refei√ß√£o deliciosa. Experimente o Cheese Burger Salada ou o Mini Contra Fil√© Acebolado com polenta frita e salada russa. Divinoooo!', 'Se fizer mau julgamento por causa das  portinhas da entrada, vai deixar de comer em uma das melhores lanchonetes da regi√£o.']",2
7,Liberdade,-23.566703500000003,-46.63180928373991,MOB - Make Your Own Burguer,-23.57058540423453,-46.638619079080634,543d44b8498eee6cfb9cc212,6467,6.8,"['Lugar simples com sanduba gostoso e pre√ßo honest√≠ssimo!', 'Burger basic√£o, batatas gostosinhas e bom suco de laranja.']",1
3,Saude,-23.615177950000003,-46.643393343146286,Osnir Hamburger,-23.608944369096736,-46.63808183519021,4bddd21b17fdef3b578c4e36,8150,8.6,"['Experimentamos o Cheese bacon salada (x-bacon salada) com maionese √† parte. Veja todas as fotos e nossa opini√£o em http://goo.gl/3KYPl', 'A maionese acompanha as fritas. Muito bom !!!']",2
2,Saude,-23.615177950000003,-46.643393343146286,Blaster Burguer,-23.618345375444047,-46.63538181679432,5845fb70c7ec6b07b3282081,8150,6.2,"['Mudou de dono e o Hamb√∫rguer t√° gostoso de mais! √ìtimo custo beneficio! Vale a pena', 'A carne √© excelente. Beirute perfeito.']",1
8,Lapa,-23.5242535,-46.70338121106291,Twelve Burger,-23.52662449239315,-46.70879678700621,4c8d1b3d55fba093f86365ab,8360,7.3,"['A senha do wi-fi √© twelve230', 'Decora√ß√£o incr√≠vel, com v√°rios objetos dos anos 60! Fazem uma das melhores batatas fritas que j√° comemos! Pe√ßa de acompanhamento a maionese temperada, √© dos deuses!']",2
7,Lapa,-23.5242535,-46.70338121106291,Fitti Burguer,-23.526022637698965,-46.69788074738673,53f7cb01498e073c7d881236,8360,6.4,"['Lanche justo para o pre√ßo. Nada de especial. Ponto da carne √© mais pro bem passado deixando lanche seco. A maionese √© muito boa.', 'Vale a pena conhecer. Pedi o Brands... Muito gostoso... Sensacional... Vale a Pena !!!!!']",1
2,Lapa,-23.5242535,-46.70338121106291,Habib's,-23.524944115531664,-46.69706388493739,4c1f7f29b306c928657f68b7,8360,5.1,"['Pior atendimento De todos! Nunca tem tudo que voc√™ quer, as lou√ßas vem sujas, esquecem de trazer algo, erram na conta. J√° falei que o atendimento √© uma bosta? Isso a pelo menos a uns 7 anos.', 'Faz tempo que o habbosta eh ruim mas este eh o pior do mundo, mais de 40 minutos para sair uma duzia de esfihas FUJAM !!!']",1
8,Vila Mascote,-23.6453648,-46.67107766633261,Stage Burger,-23.64653190035656,-46.670330045999066,5706855e498ebe0d56749423,7288,7.5,"['Tem tudo pra ser o melhor hamb√∫rguer de s√£o Paulo, pois os ingredientes s√£o todos top de qualidade do mercado e quem monta o lanche, do meu jeito, sou eu... s√≥ fica ruim se eu n√£o souber do que gosto.', 'Lanche muito bom. √ìtimo custo-benef√≠cio.']",2
5,Vila Mascote,-23.6453648,-46.67107766633261,ST Burguer,-23.64859052450658,-46.666870067531846,572ceda0498ed2571278f551,7288,8.2,"['Melhor hamburgueria da Vila mascote!! üòã', 'A melhor da regi√£o. F√°cil. A maionese √© sensacional.']",1
7,Vila Mascote,-23.6453648,-46.67107766633261,The Brothers Burger,-23.642701061324274,-46.66580468416213,5963b5fc5c68384369214f49,7288,6.8,"['Op√ß√£o de cervejas, chopp artesanal excelente, lanche muito bom e grande!', 'Local simples e simp√°tico.Gar√ßom atencioso.M√∫sica ambiente boa.Lanche veg saboroso e hamb de pepperoni gostoso e bem servidos,mas o queijo era de baixa qualidd.Servem por√ß√£o de calabresa e caipirinha.']",1
0,Vila Mascote,-23.6453648,-46.67107766633261,Luca Hamburgers,-23.649350625578236,-46.6700383870593,57157054498e6e74b10ca09b,7288,6.2,"['Atendimento bom.', 'Hamb√∫rgueres deliciosos...o luca burguer √© demais nao saia de la sem provar...tem milk shakes maravilhosos...pre√ßo abaixo da media..atendimento de primeira.Coloque a casa em seu roteiro...']",2
3,Tatuape,-23.5402524,-46.5766424,IT Burger,-23.539803215840703,-46.57201440979025,521cb4dc11d257cadc7634f8,6750,8.2,"['P√£o e hamb√∫rguer macios, pre√ßo justo e ambiente agrad√°vel. Recomendo como entrada a batata com queijo derretido, que √© diferente da tradicional batata com cheddar que tem por ai.', 'Sem mimimi, venha e tenha uma vista diferente da Radial Leste. Milk Shake de Gianduia delicioso, entradas que fogem a t√≠pica batata c/ cheddar e hamb√∫rgueres de verdade, para os que buscam felicidade!']",2
2,Tatuape,-23.5402524,-46.5766424,New Burguer,-23.5398276583538,-46.584853270126544,529fbc8911d2f367b42a4c07,6750,6.0,"['Caro demais Afff', 'O atendimento √© bastante confuso e o hamb√∫rguer n√£o tem gosto de carne! Ah, o pre√ßo tamb√©m n√£o condiz com o padr√£o da hamburgueria! V√° nas que tem na Augusta e seja feliz!!']",1
0,Tatuape,-23.5402524,-46.5766424,Burger King,-23.53879471713472,-46.57623175982091,4c3e4571b8b4be9aa0eccbef,6750,5.6,"['O melhor junkie food √© BK!', 'P√©ssimo atendimento.']",2
8,Santana,-23.499321000000002,-46.6289326497014,Vit's Burger,-23.502224005989984,-46.62939371296134,4d0a2f8233d6b60cc40d9985,6710,8.1,"['Na minha opini√£o a melhor hamburgueria de S√£o Paulo, pre√ßo super justo por um hamburguer artesanal de alt√≠ssima qualidade! J√° visitei muitos lugares e s√≥ em Porto Alegre voc√™ encontrar√° algo superior', 'O lanche de bacon cont√©m tamb√©m um hamb√∫rguer ;) recomendo.']",2
0,Santana,-23.499321000000002,-46.6289326497014,Chip's Burger,-23.503183794590157,-46.633107952485986,4bbf4b1d82a2ef3b627e2cd2,6710,6.2,"['Burger, Bacon, Egg, Molho T√°rtaro acompanhado de batatas Crisscuts.', 'O cheeseburger tem a maionese pr√≥pria deles, que √© incr√≠vel!']",2
6,Santana,-23.499321000000002,-46.6289326497014,S√≠ Se√±or! El Aut√©ntico,-23.503331903155456,-46.63508990132794,4c75ca7f2db5236acf34be79,6710,7.8,"['O melhor da cozinha mexicana esta no Si Se√±or, excelentes pratos e um atendimento de primeira √© o local perfeito pra qm busca boa gastronomia internacional e bom atendimento.', 'Senha da Internet sisenor@@123']",3
3,Santo Amaro,-23.6562303,-46.7191156,I Love Burger,-23.653135844499783,-46.71513587236404,512e3fafe4b0208cd9fea92d,7900,8.3,"['O lugar √© pequeno e aconchegante. Atendimento muito bom e o HAMB√öRGUER HUMMMM... Super bem servido , saboroso e o p√£o deles √© muito macio. Posso dizer que  √© o melhor hamb√∫rguer que j√° comi .', 'Kanguru ($23,90), simplesmente fant√°stico. S√©rio que d√° para dois f√°cil. 1/2 Por√ß√£o de Smiles gigante ($11,7). Maionese sensa!!!‚úåüèªÔ∏è‚úåüèª‚úåüèª‚úåüèª‚úåüèª‚úåüèª‚úåüèª']",2
8,Santo Amaro,-23.6562303,-46.7191156,Strike Grill,-23.653156834789986,-46.71497894647775,4ea57369b80355a982fce7bb,7900,7.1,"['Restaurante muito bom, Atendimento perfeito recomend√≥  a todos vale muito a pena!!!', 'Wi-Fi Password: strikeinternet']",2
7,Vila Leopoldina,-23.530072,-46.73431933313398,Snack Point Burger,-23.52632278763028,-46.73200437417113,545c07aa498e1ade02eae328,8710,7.0,"['pedi o new york burguer.  Sanduiche gostoso mas nao justifica os 36 reais. Atendimento simpatico. Nao pretendo voltar pela rela√ß√£o custo benef√≠cio.', 'Comida boa, mas o pre√ßo √© bem elevado. Valeu conhecer, mas n√£o pretendo voltar.']",1
7,Vila Leopoldina,-23.530072,-46.73431933313398,Quintal Burguer,-23.527455585236215,-46.730944619207555,58a8f17046563a392b1839b0,8710,7.2,"['O p√£o tem algum ingrediente especial que o torna √∫nico. N√£o curti muito o atendimento, n√£o tem gar√ßom, voc√™ precisa ir ao caixa com frequ√™ncia, fazer seu pedido. O pre√ßo e sabor s√£o os diferenciais.', 'Tempero muito bom e diferencial ao p√£o que √© franc√™s! Muito bom!']",1
4,Vila Leopoldina,-23.530072,-46.73431933313398,Big Dad Burger & Grill,-23.522465228539698,-46.733880494404005,51a93e8c498ec8aca292355c,8710,7.5,"['Oi pessoal eu sou uma das propriet√°rias da hamburgueria. Obrigado pelos elogios e quanto as cr√≠ticas estamos trabalhando bastante pra poder servir sempre o melhor para os nossos clientes.', 'Ambiente familiar, m√∫sica boa  ,hamb√∫rguer muito bem feito,  recomendo a batata do dad acompanhada de alho e alecrim.']",1
0,Vila Leopoldina,-23.530072,-46.73431933313398,Barello Burger,-23.530222704489336,-46.72822479083296,4e7c8be7091ad47f04996f61,8710,5.9,"['Pior atendimento da regi√£o. A comida √© boa, mas aguentar os gar√ßons √© uma miss√£o quase imposs√≠vel. Uma pena mesmo.', 'A higiene √© prec√°ria! Lavam o arroz com √°gua suja! Frappuccino √© caro e √© servido numa xicarazinha. Muito caro para uma qualidade ruim!']",2
0,Vila Leopoldina,-23.530072,-46.73431933313398,Barello Burger,-23.524611080235392,-46.73291916868406,4b85577af964a520d35731e3,8710,5.6,"['sigam nos :  http://www.facebook.com/barello.burgerhttp://twitter.com/#!/Barelloburguer', 'http://www.facebook.com/Barelloburguer add o barello como seu amigo !!']",2
8,Vila Leopoldina,-23.530072,-46.73431933313398,Atol Bar,-23.524562698147317,-46.73284350712557,4b9c0a07f964a520b14336e3,8710,8.0,"['Bom eh o petisco de carne que vem na chapa! Mtoo bom!', 'O escondidinho de camar√£o √© gostoso, vem bastante camaraozinho. S√≥ fiquei decepcionada com os sucos, todos de poupa, bem ruins. De sobremesa, guarde um espa√ßo pra um a√ßa√≠ com fruta!']",2
3,Ipiranga,-23.58927255,-46.60616206667652,Hamburguer do Seu Oswaldo,-23.591138142572436,-46.606930487407006,4b173cd8f964a52012c423e3,7400,8.4,"['Tem o melhor hamb√∫rguer tradicional de SP, segundo os jurados do Comer & Beber 2012. A principal pedida, claro, √© o cheese salada, com 90g de carne, queijo prato, maionese, alface e molho de tomate', '√â o melhor hamb√∫rguer tradicional da cidade! Feito sem frescuras (mas n√£o sem capricho): o p√£o aquecido leva 90 gramas de patinho, queijo prato, maionese, alface e molho de tomate fresco']",2
3,Ipiranga,-23.58927255,-46.60616206667652,Depot4 Grilled Burger,-23.586622198193687,-46.60644769604909,56a4016b498e64268977e859,7400,8.4,"['Atendimento impec√°vel e sabor e qualidade sensacionais!!', 'O carro Chef, Regular Beef e French Fries !!']",2
3,Ipiranga,-23.58927255,-46.60616206667652,Casa da Mortadela,-23.591260232181426,-46.60701066470273,4c93f92b38dd8cfa07b1c462,7400,8.3,"['O hamb√∫rguer √© muito melhor do que o do S. Oswaldo e o lanche ""mortadela √† moda"" desbanca qualquer lanche no mercad√£o.', 'Tudo aqui √© melhor do que o ""Oswaldo"": o lanche, o atendimento √© abre mais cedo. S√≥ n√£o tem fila e nem o hype. Recomendo.']",2
7,Ipiranga,-23.58927255,-46.60616206667652,Classic Burger,-23.589493,-46.605176,595d63051b0ea52c2b11aed8,7400,7.0,"['Tenho a sorte de ter o Classic Burguer na esquina da minha casa. Todos os lanches s√£o muito bem feitos, o atendimento √© muito carinhoso e o custo-benef√≠cio √© o melhor do bairro Ipiranga!', 'Hamb√∫rguer muito bom e saboroso. Tem um pre√ßo fixo (R$25) e voc√™ pode escolher o p√£o, tipo do queijo e os ingredientes (inclusive o bacon). O lanche tb j√° vem com fritas. A CocaCola √© KS! Recomendo!']",1
4,Ipiranga,-23.58927255,-46.60616206667652,City Burguer,-23.583388889397174,-46.605965387952416,4f5430e6e4b0ddd8f907ea56,7400,8.0,"['Atendimento bom, e lanche gostoso. Recomendo! Wifi abcdef1234', 'Tem wifi para cliente! cityburger624 . Otimo X-Salada a pre√ßo justo! S√≥ faltou uma maionese da casa...']",1
1,Ipiranga,-23.58927255,-46.60616206667652,Kaskata's,-23.592960287154334,-46.60113381907407,4bb91b4f3db7b7137d01229a,7400,8.4,"['X-Salada dos campe√µes (ainda mais com molho t√°rtaro). Cara de botec√£o, mas d√° pra levar visita! Sabad√£o vira a madruga.', 'Em um final de balada tudo aqui √© #top !!!']",3
0,Ipiranga,-23.58927255,-46.60616206667652,A Hamburgueria Coca-Cola,-23.58669586980918,-46.60538521944187,4bdcc770462b2d7f2b5b113c,7400,6.7,"['recomendo Parmesan Burguer, √© delicioso!! N√£o deixe de comer glazed cheddar √© uma combina√ß√£o de sabores fant√°stica !! √≥tima hamburgueria', 'Tem gente mala, n√©? Vem na Hamburgueria, que tem lanches maravilhosos, e reclama que n√£o tem wi-fi para clientes! Deixa de ser miser√°vel, e v√™ se contrata um plano de internet pro seu celular.']",2
1,Jardim da Saude,-23.6171973,-46.6185362,Outback Steakhouse,-23.62020610429155,-46.626499445407546,5605cb87498e9031bfec3a98,6916,8.8,"['Atendimento excelente, os funcion√°rios s√£o muito atenciosos. Ambiente bom e agrad√°vel. Sempre pego a costela, mas dessa vez peguei peixe com camar√£o, muito bom, recomendo.', 'Um lugar muito aconchegante, tem refil de ch√° gelado ou refrigerante. A cortesia (al√©m do atendimento) √© o p√£o australiano com uma manteiga sem igual! O outback burguer √© delicioso!*.*']",3
2,Jardim da Saude,-23.6171973,-46.6185362,Burger King,-23.619420982185982,-46.62672679210105,4bd1c15da8b3a5934b46665f,6916,4.6,"['Tremenda m√° vontade dos ""funcion√°rios"", de cara feia descontente. Cuidado para eles n√£o te baterem. Implore por cada √≠tem. Melhor comer em (qualquer) outro lugar.', 'pior bk que j√° fui']",2
4,Bosque da Saude,-23.6094152,-46.6251697,Disk Burguer - V. Mariana,-23.604474301318408,-46.626200060906875,4cb7b49b035d236ac2bfc74e,7535,7.5,"['Cheeseburguer razo√°vel. Os lanches acompanham batata frita at√© o fim do ano.', 'Big Burger, o melhor pedido. Maionese caseira com toque especial no tempero. Recomendo!']",1
5,Mooca,-23.561730500000003,-46.59714042310743,Hambugueria Artesanal,-23.562801583525147,-46.59345080040111,5438796b498e1623995d95c2,6810,8.3,"['Rodizio de mini hamb√∫rgueres espetacular, melhor atendimento que j√° tive... Os hamb√∫rgueres de mignon s√£o sem duvida os melhores!', 'Melhor atendimento que j√° presenciei. O rodizio de mini hamb√∫rguer √© excelente, e ainda inclui fritas e a primeira rodada de bebida n√£o alco√≥lica.']",1
4,Mooca,-23.561730500000003,-46.59714042310743,Mooca Station,-23.558745701758912,-46.59506461124084,54b1b263498e36f244b7c959,6810,7.9,"['Um Ambiente Incr√≠vel !!!', 'Pe√ßa uma massa !!!üòã']",1
7,Mooca,-23.561730500000003,-46.59714042310743,Man√© Burguer,-23.56094452204787,-46.593276664573565,4c2f7696ed37a593ad496703,6810,7.1,"['Um dos melhores hamb√∫rgueres caseiro que j√° comi! N√£o deixe de experimentar o x-salada de Picanha!', 'Quer comer bem sem gastar muito? Passa aqui! Salvando os esfomeados inclusive at√© altas horas da noite! Dica: beirute.']",1
4,Jardim Marajoara,-23.6553634,-46.6849371,Burger Company,-23.658193882299194,-46.691542476757434,588e682b7220e605c3c15967,6284,8.0,"['Hamb√∫rguer delicioso, maionese caseira e geleia de bacon muito boas!', 'Custo-benef√≠cio: combo com hamb√∫rguer + fritas + refrigerante + toppings e acompanhamentos por volta de 33 reais. Qualidade excelente. Local agrad√°vel.']",1
4,Jardim Marajoara,-23.6553634,-46.6849371,Burger Lab Experience,-23.65737747213853,-46.69254508369024,54920a8f498eae1753624cdf,6284,7.5,"['Sem d√∫vida o melhor hamb√∫rguer que j√° comi. A sobremesa tamb√©m √© sensacional: pe√ßa pelo English Brownie.', 'O ch√° refil √© uma √≥tima pedida. Ambiente limpo, agrad√°vel, com √≥timas op√ß√µes para quem n√£o tem restri√ß√µes de ordem card√≠aca! Batatas r√∫sticas, ainda um que eu n√£o seja f√£ de batatas, me surpreenderam!']",1
2,Jardim Marajoara,-23.6553634,-46.6849371,Burguer Lab,-23.657341530478348,-46.69259001122458,54988b28498e025da46d915a,6284,6.2,"['Hamb√∫rguer excelente, maionese maravilhosa e de sobremesa English Brownie! Top!', 'Hamb√∫rguer de costela e p√£o de cebola, muito bom!!! Fui muito bem atendida!!! Batatinhas √≥timas!!!']",1
2,Barra Funda,-23.5254616,-46.6675134,Boulevard Burger 10,-23.523249335789618,-46.66384635606632,4d80dc13551ea1cd1f2422c5,8670,5.3,"['Falta simpatia dos funcion√°rios no atendimento mas √© um lanche gostoso. Um pouco caro mas, gostoso!', 'Experimente os beirutes de Fil√© Mignon, divinos...! Ou ent√£o, se a fome for grande, encare um Cheese Tudo Burguer Duplo. Melhor pedir garfo e faca...!']",1
1,Barra Funda,-23.5254616,-46.6675134,The Clock Rock Bar,-23.532701088572082,-46.6708528374091,4b0588c7f964a520bfd922e3,8670,8.3,"['Se voc√™ virar o quadro da pin-up fazendo churrasco 45¬∫ para a esquerda, abrir√° debaixo da escada do mezanino uma passagem secreta para a maior adega de cacha√ßas de S√£o Paulo.', 'Um dos bares mais animados que j√° fui. Eles ensinam 6 passos b√°sicos pra quem √± sabe nada se sentir parte da festa!  Recomendo!']",3
0,Barra Funda,-23.5254616,-46.6675134,McDonald's,-23.52652871005344,-46.67461351097678,4c8d1db45e38b1f76a6537f9,8670,5.3,"['Tomem cuidado ao pagar com notas de 100 reais, eles trocam por nota falsa e falam que voc√™ deu uma nota falsa #fikdik', 'Higiene n√£o √© ponto forte daqui, prepare-se para limpar sua mesa.']",3
0,Barra Funda,-23.5254616,-46.6675134,JapoBar Temaki & Burguer,-23.530415802871627,-46.66612106853219,56201507498e3dc5e4c65b95,8670,5.8,"['NESSE FRIOZINHO NADA MELHOR DO QUE TOMAR UM CALDINHO PRA DAR UMA ESQUENTADA!!!! NOVIDADE NO JAPOBAR VALE A PENA CONFERIR...', '√ìtimo ambiente para um happy hour com os amigos, pr√≥ximo da faculdade Uninove']",3
4,Santa Cecilia,-23.5296595,-46.65189176955033,Bro Burger,-23.53767049424333,-46.652937828687975,586a74415a58697f1ae17c03,8728,7.7,"['Da pra escolher qualquer um do card√°pio trocar por Burger vegetariano. √â √≥timo, monstruoso, uma baita larica RS', 'Extremamente caro!']",1
2,Santa Cecilia,-23.5296595,-46.65189176955033,Seki Burger,-23.532005,-46.649815,58a853e4ed0a32707896cb8d,8728,5.8,"['Est√£o testando burguers vegetarianos', 'Gostei de terem aberto uma hamburgueria na regi√£o, afinal, ainda n√£o tinha. Por√©m, passei mal logo ap√≥s comer o hamb√∫rguer e fiquei 5 dias com intoxica√ß√£o alimentar. O marido de uma amiga tamb√©m.']",1
5,Vila Gumercindo,-23.6046683,-46.6209505,HD Rota Burguer,-23.602670688932783,-46.61277497183844,4d41f3955af26ea83ca17e6e,7543,8.3,"['Tudo. Todos os lanches s√£o excelentes e o atendimento impec√°vel.', 'Tudo maravilhoso! Um lanche + gostoso q o outro, sempre inovando com a boa criatividade de um bom empreendedor. Indico pelo sabor divino, pelo pre√ßo justo e principalmente pelo atendimento impecavel!']",1
4,Bom Retiro,-23.5271385,-46.636834846501365,Hamburgueria Central,-23.52866973602826,-46.63473468171222,52d5b029498e4d9c0b5e6eb1,5726,7.5,"['O x-salada tinha um molho de tomate maravilhoso!!! Pena que n√£o tem mais...:(', 'Muito bom!! Hamburgueres deliciosos, por√ß√£o de batatinha acompanhada pela maionese da casa, otimo atendimento! Virei cliente!']",1
0,Belem,-23.5384755,-46.59503917921687,Giba's Grill e Burguer,-23.541100506497298,-46.59314880918545,54fb33f6498e0bee5768faea,6710,6.0,"['Lanche bom, mas o atendimento √© bem mediano. Pre√ßos caros pra regi√£o', 'Lanches mto bons.']",2
4,Agua Branca,-23.5212579,-46.6885155,Criminal Burger,-23.526118946754593,-46.694350644526125,59721c2c2f97ec4733ca2d29,8504,7.3,"['Pe√ßa o burguer C√∫mplice: p√£o australiano, carne, cheddar, bacon, cebola caramelizada e maionese da casa.. para acompanhar batatas da casa com p√°prica picante e pink lemonade üòãüëåüèº', 'Lanche bem gostoso e bem servido. A batata com a maionese da casa √© √≥tima.']",1
2,Agua Branca,-23.5212579,-46.6885155,Burger Rock üòà,-23.52705020653339,-46.693282792793916,56107ed9498e10de684732c9,8504,6.0,"['Burguers and shakes', 'Nirvana para come√ßar']",1
0,Agua Branca,-23.5212579,-46.6885155,Rock & Ribs Steakhouse,-23.525689667468388,-46.681330187200025,509150eee4b0a3242830caac,8504,5.2,"['Nao achei ruim como comentaram nos outros tips. A qualidade da comida certamente eh melhor q os concorrentes.', 'Horr√≠vel!!!! Carne T-Bone dura, crua, sem gosto. Esqueceram metade do meu pedido, tive que reclamar e ficar esperando. Molho gorgonzola horr√≠vel. Se vc quiser comer carne com qualidade v√° ao Outback']",2
4,Jurubatuba,-23.7113425,-46.5740444,Food Park ABC,-23.704951774525576,-46.575189803993695,56d23323498e02f90434c859,7391,8.0,"['√ìtimas op√ß√µes, chopp Madalena, Colorado, entre outros no viking beer truck,  lanches excelentes no big foot. Vale a pena conhecer!', 'Experimente os choops weiss ou Ipa s√£o muito bons e os hamb√∫rguer na minha opini√£o o avalanche √© um dos melhores.O pre√ßo √© super justo.']",1
5,Vila Guilherme,-23.5096065,-46.606228901507535,Barakiah,-23.504438246765258,-46.61175882151985,543464f9498e0657ab464f9b,6020,8.8,"['A unidade da V.Guilherme √© melhor que do Pari, tanto em atendimento como no preparo da esfiha. Destaque para as esfihas de calabresa com catup e escarola.', 'Esfiharia e lanchonete rec√©m aberta. Lugar bacana. Bom atendimento. Esfiha saborosa. A de carne com muito caldo. Queijo e tr√™s queijos bem gostosa. √ìtimo custo X benef√≠cio.']",1
8,Butant√£,-23.569131,-46.7218739532194,Bartant√£ Cervejaria,-23.572723,-46.72044,597bcbbe2ebb345c3c333ea5,5860,7.6,"['Bandas excelentes, rock, blues, jazz, black, surf music. Confira a programa√ß√£o da semana. Ambiente descontra√≠do e perfeito pra reunir os amigos com boas brejas e petiscos.', 'Cervejas  , por√ß√µes, burgues, mesas na cal√ßada, rock, descontra√ß√£o !!!']",2
0,Butant√£,-23.569131,-46.7218739532194,Brasil Burger,-23.56959158685352,-46.713405757432724,4cf99131dccef04d49f8af9c,5860,5.5,"['Se o Filet Mignon fosse um pouquinho mais fino eu poderia confundi-lo com a fatia de queijo... N√£o vale 18 dilmas...', 'O sandu√≠che ""cidade universit√°ria"" acompanhado por onion rings √© a melhor pedida. Destaque para a maionese especial.']",2
5,Vila Formosa,-23.5686675,-46.54278481560337,DZE7 Burguer,-23.56451805903982,-46.54460610158229,5828a3c1b244c838579b2963,5850,8.7,"['O MELHOR PRODUTO HOJE NO MERCADO LIVRE EO SUCESSO NO MERCADO. ENTRE OS FAMOSO CHEGANDO NO BRASIL .VEJA bit.ly/32dII7U', 'Hamb√∫rguer vegetariano']",1
5,Lim√£o,-23.4971035,-46.67500253743315,John's Burguer,-23.502923622421797,-46.67296038644635,59e92278356b4970aed34894,6040,8.2,"['Hamb√∫rguer muito bom! Por√ß√£o de dadinho de tapioca √© uma √≥tima pedida na entrada.', 'One of the best burgers in town!!!']",1
7,Lim√£o,-23.4971035,-46.67500253743315,Lez√£o Burguer,-23.502516751945226,-46.6759875755708,4f68a6d4e4b0c15ca3c38825,6040,6.4,"['Os melhores lanches da regi√£o, Delivery com excelente atendimento, r√°pido e de qualidade!', '√â n√£o aceita ticket restaurante']",1
5,Vila Carrao,-23.5498671,-46.5385802,Five Burguer,-23.547360035116856,-46.54279474560363,576dd2c4498e8a8a919a2018,5950,8.6,"['Hamb√∫rguer excelente !!!', 'Bom de mais,recomendo!']",1
7,Vila Carrao,-23.5498671,-46.5385802,S√£o Thom√© Burguer,-23.547573145788753,-46.540471739087,56107db0498e903421ba866d,5950,6.8,['A maionese da casa √© uma delicia.'],1
0,Vila das Merces,-23.6231613,-46.6085346,Burger King,-23.615463977488297,-46.608483848942655,5339f298498e2c9a16b67b48,3480,5.5,"['O Drive Tour n√£o √© muito organizado. Contudo o Burger King por si s√≥ se vende.', 'O pessoal n√£o tem a pegado do drive-thru...uma demora infernal! Precisam aprender com o Mc...']",2
7,Tucuruvi,-23.4800747,-46.6032701,Pizza Hut,-23.47983715727466,-46.602593972460575,5291a9a7498eb23b2bf75141,6100,6.8,"['Atendimento fraco, mas a pizza √© boa', 'A pizza √© boa, mas o atendimento deixa muito √† desejar.....']",1
2,Tucuruvi,-23.4800747,-46.6032701,Disk Burguer,-23.478045755839332,-46.59799853704033,4ce66123e1eeb60caf5896ae,6100,5.5,"['Lanche fera......', 'J√° foi mais gostoso...']",1
0,Tucuruvi,-23.4800747,-46.6032701,Burger King,-23.479843170266513,-46.60264381195995,516eef7de4b05053e7deda86,6100,5.6,"['S√≥ n√£o pode ser chamado de fast food.', 'Demora no atendimento']",2
8,Luz,-23.53512225,-46.63539301511077,Hamburgueria do Sujinho,-23.54098751852852,-46.63858723649966,4b8afccef964a520ce8c32e3,6558,7.8,"['Pe√ßa o Mathias Burger com lascas de cebola, cheddar e maionese do Sujinho (R$ 13,90), √© sensacional! De entrada, n√£o deixe de experimentar a por√ß√£o Onion.', 'Cerveja Original Gelada, Frango Assado com arroz carreteiro √© a pedida.Muito bom!']",2
0,Luz,-23.53512225,-46.63539301511077,Big X Picanha,-23.538886959583998,-46.638467990583706,4ba4fcf2f964a520b8cc38e3,6558,5.0,"['Tem um sal√£o superior com ar condicionado que funciona. Experimente comer l√° e fique longe do calor e caos do piso t√©rreo.', 'Fa√ßa o pedido e vai dar um rol√™ na Santa... Qdo voltar aguarda mais 10 min que seu lanche chega!']",3
4,Vila Prudente,-23.592335,-46.57496141835203,Macellaio Burger,-23.589117,-46.575848,5b380ef5135b39002cf33dba,6010,7.3,"['Voc√™ monta o lanche conforme seu gosto. Hamb√∫rguer muito saboroso. Pre√ßo bem justo', 'N√£o ter gelo √© o fim da picada. Tomar uma IPA sem gelo √© dose. Ia botar umas pedrinhas para aliviar...']",1
2,Vila Prudente,-23.592335,-46.57496141835203,Rock Burguer,-23.590167414727063,-46.573947223604144,5631440b498ebc7bc065ecfc,6010,5.4,"['O card√°pio alem dos hamburgers  tem massas, saladas e omeletes. Tem pra todos os gostos.', 'Local agrad√°vel com boa decora√ß√£o e trilha sonora √≥tima...Rock & Roll. Pre√ßos justos. Fui de Jethro Tull. Muito bom mas as batatas estavam como intrusas. Falta uma embalagem adequada para segurar.']",1
1,Penha,-23.521148500000002,-46.52624883712121,Panificadora Requinte,-23.52305635515303,-46.53212944947863,4bb6b4c16edc76b0bb6a311c,5430,9.0,"['Muito bom, d√° pra tomar um caf√© da manh√£ maravilhoso aos finais de semana e tds os dias tem deliciosas op√ß√µes de sopas bem quentinhas......al√©m de ser um lugar muito agrad√°vel!!!', 'Sabado a tarde, uma cerveja e um sanduiche de carne assada com queijo e vinagrete, hummmmm!!!!!!']",4
7,Vila Antonieta,-23.5645429,-46.4905165,Burguer Rock,-23.56105841384009,-46.49209231151634,5334b4eb498e3594eae88ab9,5382,7.0,"['O ambiente √© √≥timo, o atendimento √© fant√°stico. Tem uma grande variedade de cervejas artesanais. Mas  infelizmente o hamb√∫rguer n√£o √© artesanal.', 'Um bom lugar pra fam√≠lia...']",1
3,Chacara Santo Antonio,-23.634126,-46.708195,I Love Burger,-23.631570222926204,-46.70671616277074,55357990498e9d7453b94b7a,7493,8.6,"['Um homem n√£o foge em momentos de tens√£o. Foi o que pensei quando vi o sanduiche do Caracas (Beirute Filet). Al√©m de muito bom √© intimidador no tamanho. 2 conseguem abater a fera.', 'O hamb√∫rguer recheado e o melhor !!! O Beirute √© giganteeeee']",2
8,Chacara Santo Antonio,-23.634126,-46.708195,iBurger,-23.632146246981122,-46.70587711429754,4c41d70dcc410f473ac4ab61,7493,7.3,"['O iBurger Monster faz voc√™ esquecer toda a demora que teve at√© ele chegar na sua mesa.', 'Meio lento no atendimento, mas a hora que o lanche chega na mesa, tudo √© compensado. A carne e o tempero no ponto exato e o cuidado no preparo fazem um dos melhores hamb√∫rgueres que j√° comi.']",2
0,Chacara Santo Antonio,-23.634126,-46.708195,Jeti's Burger & Grill,-23.632502112430004,-46.706932594942174,55732fb7498ee60144cf1c70,7493,6.3,"['√Ä decora√ß√£o √© √≥tima mas o restante n√£o tem nada que um f√£ de star wars gosta, mc guime na radio e esquenta na tv. Trof√©u joinha.', 'Sugest√£o pra ficar incr√≠vel: meia luz, tvs s√≥ passando filmes/anima√ßoes da franquia starwars e trilha sonora dos filmes.']",2
0,Chacara Santo Antonio,-23.634126,-46.708195,Julius Burguer,-23.634689090036865,-46.7117111704433,4e3c11f745dd68e32725f6f7,7493,6.0,"['O melhor suco de a√ßa√≠!', 'O melhor hamb√∫rguer de picanha e o melhor suco de a√ßa√≠!']",2
2,Chacara Santo Antonio,-23.634126,-46.708195,Burger King,-23.63329995325278,-46.70504808425903,54944283498eccc96c27e209,7493,5.3,"['espa√ßo bem tranq√ºilo', 'Fiquei uma hora na fila para ser atendida e apenas um caixa funcionando.']",1
7,Chacara Santo Antonio,-23.634126,-46.708195,Rock & Ribs,-23.628784555325083,-46.71004265689383,561569ff498ed5eb8c1721d5,7493,6.9,"['A por√ß√£o de quesadilla de costela com uma Corona bem gelada com lim√£o √© um bom pedido para o fim da tarde.', 'Os hamb√∫rgueres s√£o deliciosos, boas op√ß√µes de bebida e pre√ßo ok, mas se for num hor√°rio com muitas pessoas, s√≥ v√° se tiver paci√™ncia, pois voc√™ vai esperar at√© 1 hora e tem o risco de sair sem comer.']",1
5,Higienopolis,-23.546054,-46.659447,Frank & Charles,-23.544587379554763,-46.66221067677016,542ecb73498e8015a9303822,9490,8.4,"['Diner que serve desde caf√© da manh√£ americano a burgers e sandu√≠che de pastrami. Pena usar cheddar processado...', 'Carne do hamb√∫rguer muito saborosa e bem temperada. Vale muito vir conhecer. Restaurante pequeno com decora√ß√£o despojada.']",1
1,Higienopolis,-23.546054,-46.659447,Lanchonete da Cidade,-23.541956243144718,-46.65795319885938,4df5306618a88611c6c2c43c,9490,8.2,"['Lembre de levar 2 cal√ßas pois 1 vc vai deixar l√°. T√° um absurdo de caro.', 'Praticamente uma unanimidade a Batata R√∫stica √© feita em rodelas e com casca, acompanhada de alho e alecrim.']",3
8,Higienopolis,-23.546054,-46.659447,America,-23.542287471187915,-46.65737801529293,4b3fc1bdf964a52011ae25e3,9490,7.2,"['O Carpaccio America √© delicioso! O Saint Peter ao vinho branco, risotto primavera e aspargos √© saboroso, embora o arroz seja um pouco seco. De sobremesa, prefira o gostoso Gateau com Nutella.', 'At√© para vegetarianos: o buffet do almo√ßo √© √≥timo!']",2
7,Higienopolis,-23.546054,-46.659447,Q-Burger,-23.539580464333632,-46.65674457289152,57f5988f498eaf5aafae30c3,9490,7.2,"['Batatas meio murchas, mas o hamburger √© delicioso. Pedi o de barbecue de jack Daniels e adorei', 'Um dos melhores hamb√∫rguers de SP, a galeria de Bacon √© algo sensacional']",1
8,Higienopolis,-23.546054,-46.659447,Kraut,-23.539482936124333,-46.65429101711037,575cb12b498ee1cbfea3ae3b,9490,7.8,"['√â bem hipster, fazer o qu√™, mas deixa os caras, essa onda √© fruto da falta de dinheiro para decora√ß√£o. O chope tem custo/benef√≠cio excelente. A comida √© melhor que a do Imbiss e a do Fast Berlin.', 'Nice place, good food, nice music !']",2
1,Higienopolis,-23.546054,-46.659447,Villa Imperial,-23.545770359614853,-46.65164961222553,4c1fbdf4920076b03c3ac5e9,9490,8.5,"['caipil√© de uva, recomendo :)', 'A decora√ß√£o √© bem bacana.. Um dos bares mais tranquilos da Maria Ant√¥nia! A batata com requeijao e bacon √© √≥tima e a caipirinha tamb√©m. Mas na hora de pagar √© muita confusao, mta demora!']",3
1,Higienopolis,-23.546054,-46.659447,Pobre Juan,-23.540262018081897,-46.6636531189227,4b4a1da3f964a520287b26e3,9490,8.8,"['Entre as sugest√µes de sotaque portenho, prove o ojo de bife. A batata sufl√™, inflada, sequinha e crocante, √© uma √≥tima guarni√ß√£o', 'Sempre renovando seu card√°pio e apresentando novidades.Carnes de primeira. Mas tenho q confessar, venho aqui por 3 motivos: a batata infl√°vel, as miniempanadas fritas de carne e de queijo e o churros!']",4
3,Higienopolis,-23.546054,-46.659447,The Joy,-23.54598289361028,-46.65133562669688,4b187009f964a520c0d223e3,9490,8.6,"['double guinness de ter√ßa-feira e milhares de op√ß√µes de cervejas. cozinha, ambiente e atendimento excelentes, amo.', 'Por√ß√£o de fritas com bacon ... vale o que custa!']",2
1,Jardim Europa,-23.577544,-46.683721,Butcher's Market,-23.580871,-46.676903,4dc418ec1f6ef43b89f2e75a,16621,8.3,"['S√≥ eu ou vc tamb√©m estranhou a faca que tem um cabo na horizontal pra uma l√¢mina vertical? :-)', 'Carne ao ponto, molho barbecue e wifi digna. Se isso n√£o √© sin√¥nimo de amor, n√£o sei o que pode ser.']",3
5,Jardim Europa,-23.577544,-46.683721,The Fifties,-23.584432643872113,-46.68108911149591,4b1c54caf964a520370624e3,16621,7.8,"['Nada disso, o melhor sandu√≠che √© o PicBurger, de picanha', 'Servi√ßo deixa a desejar nesse domingo √† noite.']",2
1,Jardim Europa,-23.577544,-46.683721,America,-23.57936322890532,-46.676809445855845,4b64c6c8f964a52047cf2ae3,16621,7.4,"['Tinha wifi de gra√ßa e sem burocracia, agora ficou mais dif√≠cil se conectar que tirar documento no papatempo', 'O veggie burguer do America √© o melhor de todos!']",3
5,Jardim Europa,-23.577544,-46.683721,All In Burger,-23.58272720110058,-46.678360711377834,5aa407a2340a585372cf7e16,16621,8.2,"['Tudo muito gostoso!', 'Tudo √© √≥timo, hamb√∫rguer, fritas, sobremesa, cerveja']",1
1,Jardim Europa,-23.577544,-46.683721,Ritz,-23.58128622019551,-46.68035856578367,4b0b0791f964a520d82b23e3,16621,8.6,"['Bolinho de Arroz.  M√° muuuito bom.', 'Claro que o bolinho de arroz √© incrivel mas o Jubileu Burger √© a pedida.']",3
8,Jardim Europa,-23.577544,-46.683721,Hamburguinho,-23.58168552211981,-46.68422484058129,4b718f34f964a520704d2de3,16621,7.0,"['Pe√ßa maionese a parte.', 'üçî n√£o √© dos mais baratos, por√©m muito saboroso! Maionese temperada n√£o tem igual! Vale a pena.']",2
8,Jardim Europa,-23.577544,-46.683721,Fresto,-23.582218977818282,-46.68361224907739,509a8d828055c0821229f5e0,16621,7.4,"['A gente acha que caf√© da manh√£ √© t√£o bom que deveria ter servido o dia todo. Por isso nosso caf√© √© servido desde √†s 7h at√© as 22h. Tem p√£o na chapa, omeletes, sucos e caf√©s. Um bom dia o dia todo.', 'Aberto desde as 7h da manh√£ at√© as 22h a qualquer hora do dia voce encontra uma otima refei√ß√£o.']",2
5,Jardim Europa,-23.577544,-46.683721,Ritz,-23.577741349997012,-46.68894727801979,4ddef2eb45dd95acd4e4b453,16621,9.1,"['O problema daqui √© que vc quer casar com todo mundo.', 'P/ conseguir mesa sem 50min de espera √© melhor chegar meio-dia ou engravidar']",2
5,Jardim Europa,-23.577544,-46.683721,Bottled Dog,-23.584313355367932,-46.682449521342726,53f625b3498e9554d50f794d,16621,8.4,"['√ìtimo bar. Todas as por√ß√µes s√£o maravilhosas e bem servidas. Com certeza voltarei.', 'No almo√ßo pe√ßa pelos cortes argentinos... No HH seja feliz com a variad√≠ssima carta de cervejas... Gar√ßons sempre atenciosos e a ger√™ncia n√£o regula a saideira (basta n√£o abusar, claro)!']",2
5,Jardim Europa,-23.577544,-46.683721,Z-Deli,-23.57132912845274,-46.68107719122218,4b6476d1f964a5204fb52ae3,16621,7.9,"['O melhor cheese cake de S√£o Paulo, sem d√∫vida.', 'Pra quem gosta de comida judaica....maravilhoso!!!']",1
2,Jardim Europa,-23.577544,-46.683721,Burguer Table Itaim,-23.585443,-46.684166,5745d340498e48f43de6f250,16621,6.1,"['Classic Burguer with caramelized Onion, very natural teste.', 'Hamb√∫rguer n√£o veio no ponto correto, em desacordo com a foto que eles exibem no pr√≥prio restaurante.']",1
5,Jardim Europa,-23.577544,-46.683721,Prime Dog,-23.573247543248502,-46.68940670594287,5748d337498e0838813dfcd1,16621,8.3,"['Delicioso, barato e cheio de pratos vegetarianos! Finalmente o Prime Dog abriu uma nova unidade em uma localiza√ß√£o mais f√°cil.', 'V√°rias op√ß√µes de hot dogs (desde vegetariano, veganos), op√ß√µes de combos com batata frita e bebida, ambiente agrad√°vel sem complica√ß√µes.']",1
2,Jardim Europa,-23.577544,-46.683721,Katz Burger House,-23.58416987654373,-46.679871413696546,55f21fab498eee0728129881,16621,5.8,"['dei uma segunda chance, dessa vez pro hot dog, e tava bem ruim mesmo :/ desrecomendo', ""batata frita gostosa, eles acham que molho ros√© e maionese s√£o a mesma coisa. erraram o ponto e o burger tem s√≥ 120g, ou seja: ande mais 3 quadra e v√° no butcher's market.""]",1
1,Jardim Europa,-23.577544,-46.683721,S√≥Shots & Gin Club,-23.58216678688421,-46.67972148400537,556a3afc498e6aad034af2a9,16621,7.6,"['O atendimento √© impec√°vel. Prove o bolinho bitterballen e a t√°bua de queijos e frios com p√£es quentinhos. Para beber, v√° de chopp bem tirado ou de Shots: mini bear e hemorragia cerebral s√£o √≥timos!', 'Excelentes Drinks shots!']",3
1,Jardim Europa,-23.577544,-46.683721,Manioca,-23.577332855159113,-46.68909762826,54770697498e61d2bc3a3787,16621,9.2,"['Excelente cozinha moderna brasileira. Ambiente super agrad√°vel. Caro, mas entrega qualidade. Prove o Burger com gruyere e tomate e o incr√≠vel bolo de chocolate com brigadeiro e sorvete de leite ninho', 'Capelinni com cogumelos, azeite de trufado e lim√£o siciliano √© SENSACIONAL. Leve e, ao mesmo tempo, uma explos√£o de sabores. Para a sobremesa, achei o bolo de brigadeiro mais gostoso que o famoso ovo.']",3
5,Jardim Europa,-23.577544,-46.683721,Le Jazz Brasserie,-23.57736770099547,-46.68896455934313,5255a53811d276536b4c5e0f,16621,9.0,"['O Camembert empanado vem com mel e pimenta. Crocante por fora e cremoso por dentro. Del√≠cia!', 'Muito bom o esquema de avisar a espera pelo telefone. Voc√™ pode fazer compras enquanto espera a mesa.']",2
1,Jardim Europa,-23.577544,-46.683721,Baby Beef Rubaiyat,-23.582214229632807,-46.684420644683485,4ba10d4ef964a520cd9237e3,16621,8.7,"['The perfect balance between barbecue and finesse. Either for a business meal or a family gathering, this is the place. Service is premium, and the region is one of Sao Paulo‚Äôs finest. Great piano bar.', '√Äs quartas-feiras e s√°bados, delicie-se com o buf√™ de feijoada.']",4
0,Jardim Europa,-23.577544,-46.683721,Red Steak & Burger,-23.5854959401688,-46.68402332277954,52726d59498eca58089e71f9,16621,5.3,"['Lugar bem aconchegante e atendentes muito atenciosos! O hamburguer √© muito bom, experimentei o blue burguer com molho de gorgonzola e o brie burguer com queijo brie e geleia de pimenta.', 'Horr√≠vel! N√£o volto nunca mais!']",2
2,Jardim Europa,-23.577544,-46.683721,McDonald's,-23.57658647172689,-46.687839768759716,4b2028a1f964a520072e24e3,16621,5.9,"['Dia de sexta no almo√ßo √© tenso...', 'Pra nooooossa alegriaaaaaa']",1
0,Jardim Europa,-23.577544,-46.683721,The Sailor Legendary Pub,-23.580878,-46.685086,4ea7fdd1a17c2febcc75878f,16621,6.3,"['Um pub sem guinness, reflita...', 'Olha, eu desconhe√ßo a ideia de ter camarote em pub.... Ent√£o, diz ligo que √© uma balada com bandinha pop rock e piriguetes pagando ee gostosas pq tem pulseirinha de camarote...']",2
8,Paraiso,-23.575712,-46.650789,Achapa,-23.572036177251224,-46.64544403553009,4b4a7e81f964a5203b8926e3,9030,8.0,"['Cheese Salada por apenas R$ 6,99 para os 05 (cinco) primeiros clientes que fizerem check in entre √†s 0h00 e 03h00 ( Meia-Noite e Tr√™s da madrugada).', 'Eu recomendo o chicken melt com onion rings e meu namo o monster bacon. Pre√ßo justo para a qualidade, quantidade e explos√£o de sabor hmmmmmm']",2
5,Paraiso,-23.575712,-46.650789,Tag Burguer - The Amazing Burguer,-23.57020714443585,-46.64846297113382,5a9b536e791871633885cbbd,9030,8.1,"['Hamb√∫rguer correto, mas que peca no sal e na montagem. No final, j√° estava todo desmontado. Cheddar enjoativo. Ambiente aconchegante e descolado. Pink Lemonade bem bom.', 'adorei o espaco e os precos']",1
4,Paraiso,-23.575712,-46.650789,Mr. Mill's Burguer,-23.573702961988715,-46.64329290390015,4b5e508af964a520348929e3,9030,7.6,"['Hamburger delicioso. Recomendo !!!', 'o molho caseiro da vov√≥ √© sensacional!!!']",1
1,Vila Nova Conceicao,-23.591162,-46.669793,Joakin's,-23.583785980608617,-46.67156577818418,4b315c6ef964a520750525e3,15888,8.6,"['Andando na contram√£o dos outros, n√£o cobram estacionamento. Parab√©ns! Algu√©m lembra que o cliente tem carro e ningu√©m deveria cobrar para estaciona-los.', 'Comer um Cheeseburger Bacon Salad no Joakin¬¥s, e exigir uma por√ß√£o √† parte da tradicional√≠ssima maionese que a casa oferece desde 1965, na rua Joaquim Floriano, 163.']",3
3,Vila Nova Conceicao,-23.591162,-46.669793,Madero Steak House,-23.586682750178696,-46.674817554859274,53337347498e1087fbb76737,15888,8.5,"['Da recep√ß√£o at√© pedir a conta, tudo perfeito: atendimento, explica√ß√£o, sabor e temperatura dos pratos, limpeza e organiza√ß√£o. Virei f√£ :)', 'Mega organizado e a conta ja vem todinha dividida! Moderno e eficiente!']",2
8,Vila Nova Conceicao,-23.591162,-46.669793,New Dog,-23.58390358309729,-46.67246920603395,4b078295f964a52057fe22e3,15888,8.0,"['N√£o deixem de pedir seus sandu√≠ches acompanhados da maionese √∫nica do New Dog!', 'Os lanches s√£o viciantes, assim como a batata frita e maionese. Tudo isso dentro de uma moderna lanchonete. Com manobrista free. O Guia SP de Bolso RECOMENDA!']",2
1,Vila Nova Conceicao,-23.591162,-46.669793,Kia Ora Pub,-23.588909094042645,-46.6751619829123,4bccfe03b6c49c7407d69491,15888,8.3,"['$80 sem consuma√ß√£o prepare o bolso considero o melhor com √≥timas bandas recomendo quinta-feira melhor dia happy hour', 'A casa √© local da classe new rich. Paga-se 70 reais pra entrar e espera-se 1h para entrar. T√≠pico local onde vale-se mais o status ao conforto e ao bom atendimento.']",3
0,Vila Nova Conceicao,-23.591162,-46.669793,Burger King,-23.598202566331246,-46.673762566202385,4b17e465f964a52054c923e3,15888,6.2,"['O diferencial desse Burger King √© que voc√™ mesmo serve o refrigerante, e a vontade!', 'Unico defeito estacionamento pago!']",2
7,Vila Nova Conceicao,-23.591162,-46.669793,Salgaderia,-23.587434077677795,-46.67696648491474,4b4d3dcaf964a52014cf26e3,15888,6.7,"['Como assim, Salgaderia? Eu chamo de Fabriqueta. Quem n√£o lembra quando esse lugarzinho charmoso era s√≥ um escad√£o?', '4 √≥timos salgados e uma Coca Zero de garrafa de vidro por s√≥ R$ 11,00 ?! √â ou n√£o √© o melhor p√≥s-balada do universo ?!']",1
2,Sumar√©,-23.544008,-46.685143,Disk Burguer,-23.539236398352323,-46.68356646969891,4ecfb0fb61af476c07acaa48,9449,6.0,"['O ambiente √© dos piores, mas o hamb√∫rguer √© muito bom! Melhor op√ß√£o na Bovero, sem d√∫vidas.', 'Atendimento √≥timo. Vale muito a pena pedir o combo. O lanche √© super caprichado e justo. Sem mis√©ria...assim que deve ser e l√≥gico, o sabor √© maravilhoso.']",1
2,Sumar√©,-23.544008,-46.685143,House of Burguer,-23.539984846295376,-46.682826598814316,529620a711d24c029d26b0f2,9449,5.4,"['Os pratos executivos s√£o deliciosos e generosos!!!', 'combos de 18,90 (20,79 com servi√ßo) com burger, batata e suco no almo√ßo. Burger mediano']",1
2,Sumar√©,-23.544008,-46.685143,Rolando Burguer,-23.547159315677465,-46.681335599353964,51a4d512498e130007539202,9449,6.2,"['Fica sempre fechado. Encontrei somente uma vez aberto e o hamburger √© muito bom.', 'Hoje tentei comer l√° com minhas filhas pela 2¬∞ vez na hora do almo√ßo e ao chegar no endere√ßo estava fechado, enquanto aqui no foursquare dizia que estaria aberto! Aff, n√£o sei se vou tentar a 3¬∞ vez .']",1
3,Pinheiros,-23.563551,-46.691597,12 Burguer & Beer,-23.55949226664217,-46.69187685719559,4d8b69cb4757721eaa68cb69,10870,8.5,"['Vamos experimentar o Steak Tartare com uma Budejovicy 1795? A leveza e refresc√¢ncia da cerveja vai bem com esse temperado prato... al√©m de ir muito bem tb com as fritas que o acompanham! :)', 'Um dos lugares que me fazem ter orgulho de SP e da Vila Madalena. Carta de cervejas especiais bem elaborada e cozinha administrada com cuidado, comida excelente. Depois do RUAA o melhor do estilo.']",2
4,Pinheiros,-23.563551,-46.691597,C6 Burger,-23.565677147244962,-46.69247357788927,5a54fb520336937b66fad24f,10870,8.1,"['N√£o tem lugar para lavar a m√£o.', 'Melhor Burguer de sampa! Cervejas artesanais e brisquet']",1
3,Pinheiros,-23.563551,-46.691597,Buzina,-23.563703231508224,-46.69285094667746,59bd6fc00d173f3bdf0c5775,10870,8.9,"['Lanches maravilhosos, espa√ßo agrad√°vel e atendimento de primeira. N√£o deixe de experimentar o lanche que leva o nome da casa!', 'Hamb√∫rgueres excelentes! √ìtimas op√ß√µes de batatas fritas tamb√©m, de tipos diferentes (canoa, chips, palito...). H√°, no entanto, poucas op√ß√µes interessantes de cervejas de qualidade m√©dia a alta.']",1
3,Pinheiros,-23.563551,-46.691597,Vinil Burger,-23.55988104389258,-46.69665072811587,525c6109498ee0cf5c944fb8,10870,8.7,"['por R$19 vc monta seu hamburguer e escolhe o que vai dentro. O queijo √© processado, mas a carne grelhada na brasa compensa. √ìtimo atendimento, sem frescura. Vale a visita. Suco $6, cerveja $12.', 'Hamburguer como deve ser: suculento, saboros√≠ssimo e sem frescuras. A cebola caramelizada √© sensacional e d√° o toque especial. S√≥ peca na maionese, ainda sem sabor. No mais, vale super a pena!']",2
3,Pinheiros,-23.563551,-46.691597,Lanchonete da Cidade,-23.56114895981961,-46.694054996643395,54819295498eee3c9e746865,10870,8.3,"['Comida e atendimento excelentes. S√≥ √© uma pena que n√£o deixem adicionar coisas nos hamb√∫rgueres bombom. O americano parece muito gostoso, mas qual a gra√ßa em um hamb√∫rguer sem queijo?', 'Ambiente muito agrad√°vel, √≥timas op√ß√µes de lanches e o atendimento foi impec√°vel!']",3
3,Pinheiros,-23.563551,-46.691597,Bullguer,-23.557621243700623,-46.69035913671278,565f2b33498e6082e2aab205,10870,8.4,"['Apesar de SP ter centenas de hamburguerias - e de cada dia abrir mais uma -, ainda √© dif√≠cil encontrar hamb√∫rgueres efetivamente bons.  Parab√©ns ao Bullguer pela excelente qualidade e pre√ßos sensatos', 'Hamb√∫rgueres muito bons! O Chicks √© tipo um Chicken McJ√∫nior muito melhorado. Pra mim, √© o melhor de todos.']",2
3,Pinheiros,-23.563551,-46.691597,Na Garagem,-23.566439226594564,-46.689172506511035,522381e7498e44085f7b22c1,10870,7.7,"['Burger bem feito, incrivelmente leve e a um pre√ßo honest√≠ssimo. J√° √© dos melhores da cidade.', 'Que lugar genial, que hamburguer simples e gostoso. Meu novo lugar preferido em Pinheiros. Um brinde!']",2
4,Pinheiros,-23.563551,-46.691597,Jamp Burger,-23.559842938583337,-46.69030296788472,582335ba32824866cf315430,10870,7.5,"['Fui em dia da semana no almo√ßo e achei o m√°ximo fazer o pedido no iPad. Me senti empoderada rs. Sem contar que o sabor √© maravilhoso.', '3 op√ß√µes de hamb√∫rgueres veganos que pelos acompanhamentos pode ser ovo lacto vegetariano. Incr√≠vel, pre√ßo bom, tamanho bom. Batatas r√∫sticas com maionese muito boa.']",1
4,Pinheiros,-23.563551,-46.691597,Bigorna Food Truck,-23.566140801324583,-46.696239709854126,56338c3f498ec7727c0bc92a,10870,7.5,"['Baconbrie √© o melhor lanche do card√°pio. O lugar costuma ser mais cheio aos finais de semana, mas a equipe tem a mesma rapidez do food truck.', 'BeconBrie ! melhor op√ß√£o, as batatas s√£o otimas e fica ainda melhor com o molho de wasabi :)']",1
4,Pinheiros,-23.563551,-46.691597,Borger Burger,-23.563684726350992,-46.683426797389984,5aac5b04a6ec982db5e09daa,10870,8.1,"['Burger bom, mas achei pequeno!', 'Hamburguer sem frescura, mas espetacular, imperd√≠vel, saboroso! Acabei de comer e estou com vontade de comer de novo! Meu respeito!']",1
4,Pinheiros,-23.563551,-46.691597,Bysburger,-23.5665211098194,-46.685561188145854,5931a52bd7627e1d2fb242dd,10870,7.3,"['Um dos melhores hamb√∫rgueres de S√£o Paulo.', 'Comi o Texas burguer bem simples para sentir o gosto da carne, p√£o bom, bastante queijo e blend da carne muito boa, aprovado.']",1
4,Pinheiros,-23.563551,-46.691597,Simbala√™,-23.566185730013018,-46.69625004976646,59d962c9898bdc0803a8218a,10870,7.0,"['Very good burger joint, the burger is very tasty and great place to have some beers', 'Cheeseburguer sensacional!']",1
6,Pinheiros,-23.563551,-46.691597,Hamburguinho,-23.56775656456766,-46.68832070015784,4b5f6e92f964a520f2b929e3,10870,7.1,"['Cheese burger! Maionese a parte !!!', 'Sensa√ß√£o prazerosa estando acompanhado ou s√≥! Nunca havia estado neste espa√ßo de atendendo r√°pido, gostoso e higi√™nico! Pratos e card√°pio impec√°vel, adorei o meu lanche! √ìtimo √≥timo √≥timo üëçüëçüëç']",3
3,Pinheiros,-23.563551,-46.691597,Goela,-23.559715226011566,-46.68719135924145,594c5afc82a7507c6a485cac,10870,8.0,"['Ambiente descolado e bonito, principalmente √† noite. Boa m√∫sica e boas cervejas, mas pre√ßo de pub. Pelo local e pelo auto servi√ßo (n√£o tem gar√ßom) acho que podia ser mais em conta.', 'Bar foda ... ambiente descontra√≠do ... galera de boa ... √≥timos drinks !']",2
3,Pinheiros,-23.563551,-46.691597,Vila das Rosas - Vilinha,-23.56089943008632,-46.69654231454567,592788d482a7501cafee4d8d,10870,9.1,"['Pet friendly, amazing veggie options and delicious frozen falafel to go.', '√ìtimos pratos, local aconchegante']",2
3,Pinheiros,-23.563551,-46.691597,Z,-23.5650359208566,-46.69481992009205,565babe8498eeecee34db110,10870,8.2,"['Os drinques s√£o fant√°sticos, o rango √© delicioso (apesar de no come√ßo as por√ß√µes estarem pequenas, isso j√° foi corrigido) e a estrutura pra shows √© foda. Um dos meus lugares prediletos na cidade.', 'A comida √© boa (especialmente os Cogumelos Salteados) mas o custo n√£o compensa o tamanho das por√ß√µes.']",3
3,Pinheiros,-23.563551,-46.691597,Goose Island Brewhouse,-23.565167227549395,-46.6939115524292,5848eb415e56b41597b52b4b,10870,8.8,"['Uma experi√™ncia cervejeira √∫nica com card√°pio incr√≠vel para harmonizar. Vale a pena conferir!', 'Os caras tem um dos melhores sets de cervejas do mundo. Se for, n√£o deixe de provar as Sour Sisters, essas cervejas s√£o raridade, at√© em Chicago.  A comida n√£o fica pra tr√°s.V√° no dry aged do DeBetti']",2
4,Pinheiros,-23.563551,-46.691597,Laranjeiras Bar,-23.559025620000117,-46.68774892330058,5645f974498e93b4285c17df,10870,6.8,"['Cerveja gelada e pre√ßo justo. Bem localizado, agrad√°vel com baita √°rea externa. Vive vazio... acho bom', 'pre√ßo salgado, couvert artistico 10 reais.']",1
3,Pinheiros,-23.563551,-46.691597,Ambar Cervejas Artesanais,-23.56726444565657,-46.69040363253836,56c79311cd10aa917ff1d5eb,10870,9.1,"['O atendi/o √≥timo, local e espa√ßo agrad√°vel enfim vale a pena  visitar e provar todas cervejas! Nota dez!!!üòú', 'Um dos melhores bares especializados em cerveja artesanal dos √∫ltimos tempos. Ambiente agrad√°vel e √≥timo atendimento . Vc n√£o pode deixar de provar o Ginger Ale üòã']",3
0,Pinheiros,-23.563551,-46.691597,Oregon Hamburger,-23.56791493495468,-46.68870817863363,4b883930f964a52096e831e3,10870,5.6,"['Eles se dizem a melhor hamburgueria da cidade. Achei caro e tosco.', 'Muito bom! Mas carinho tb!']",2
2,Pinheiros,-23.563551,-46.691597,4 EAT Burger,-23.566206518221737,-46.69580769403316,5594787a498e1b7a613a42fe,10870,5.3,"['O hamb√∫rguer vegano √© enganoso, leva maionese. O pre√ßo do lugar √© razo√°vel, os atendentes s√£o despreparados, por√©m vale para quem est√° com muita pressa e n√£o quer esperar a concorr√™ncia esvaziar', 'Gostoso, mas o lugar √© dif√≠cil para estacionar. Aguardamoa o delivery']",1
3,Pinheiros,-23.563551,-46.691597,BrewDog S√£o Paulo,-23.561194119936427,-46.69401659795863,52bd77f5498e6ccda037ae57,10870,7.9,"['Qualidade indiscut√≠vel, pre√ßos exorbitantes! Beer for punks? Vamos rever isso a√≠.', 'Beer for..."" Coxinhas SP "". Por√ß√µes caras e min√∫sculas. A cerveja √© boa mas disso j√° sabiamos por√©m com pre√ßos exorbitantes. Melhor comprar no p√£o de a√ß√∫car e levar BrewDog pra casa.']",3
3,Pinheiros,-23.563551,-46.691597,RUAA,-23.55783411095831,-46.691523645943505,4ec7ea44722e143796db247b,10870,8.4,"['Civiliza√ß√£o: um lugar que serve √°gua de gra√ßa em SP (ou no Brasil). Provei o pernil e √© muito bom, √≥tima op√ß√£o pra comer na Vila Madalena.', 'Aaaahhh Essa entrada Calamaris √© espetacular!!!!']",2
4,Pinheiros,-23.563551,-46.691597,Fast Berlin,-23.566546193611085,-46.68542346060759,55553996498ee6f788c36af4,10870,7.9,"['Comida de rua de berlim.O melhor pretzel que comi por aq - apesar de ainda n√£o chegar na acidez do alem√£o - e √≥timos catchup artesanal e salsicha frankfurter do Currywurst, o prato ic√¥nico da cidade.', 'S√≥ pelo fato de se importarem e colocarem n√£o apenas uma, mas algumas op√ß√µes vegetarianas, j√° ganhou meu <3']",1
5,Jardim Paulista,-23.570968,-46.658233,Cabana Burger,-23.568311685318214,-46.66295699969625,57f7c66d498ea2b9976547af,10397,8.3,"['Local novo! Hamb√∫rguer muito bom, com p√£o leve e bastante saboroso. Atendimento bom e r√°pido. Refri de m√°quina mas tem a limonada Pink Lemonade que vale a pena. Pre√ßos honestos.', 'As fritas com cheddar e bacon s√£o uma delicia, e o hamburguer √© excelente! Pra quem n√£o come muito, o simples tem um tamanho √≥timo. N√£o deixe de pedir cebola caramelizada no hamburguer <3']",1
3,Jardim Paulista,-23.570968,-46.658233,Zena Caff√®,-23.56791405605819,-46.66421639072153,4b76cf2af964a520b9602ee3,10397,8.6,"['O Mayor do Zena tem 10% de desconto pra mesa toda.', 'A nova focaccia de queijo, figo e Parma j√° √© a segunda mais pedida no Zena, atr√°s da tradicional ""della casa"" com queijo stracchino.']",2
1,Jardim Paulista,-23.570968,-46.658233,Kouzina,-23.566409872562602,-46.66296253069945,55858c7c498ee7320eeb9edd,10397,8.2,"['Grego novo e da moda, sempre lotado. Comida bem feita e bem temperada em por√ß√µes fartas e pre√ßos sensatos. Servi√ßo confuso', 'Um pouco barulhento, mas comida excelente e pre√ßo mais que justo. O burger grego √© maravilhoso.']",3
0,Jardim Paulista,-23.570968,-46.658233,LIL'square Bar,-23.569191952293973,-46.66002696940695,50c28ddbe4b0a6a64e5930c8,10397,6.5,"['Impressionante a forma com que voc√™ se sente em casa nesse bar! Vc pode ir l√° com amigos ou sozinho, pq com certeza vai fazer amizades! Prove o square burger e tome uma jarra de mojito pra acompanhar!', 'Prove o drink que leva o nome da casa e tem wassabi, kiwi e saque.']",2
3,Itaim Bibi,-23.583656,-46.677918,P√£o com Carne,-23.585083,-46.675785,559c5611498ebdcc2004d7b7,11270,8.9,"['Olha esse Cheese Bacon Cebola Grelhada !! üçîüçîüçîüçîüçî', 'Nossa √© muito bom. Bem feito, n√£o √© seco. Carne saborosa, tamanho legal do lanche, fora o custo beneficio. O pre√ßo eh pau a pau cm mc ou bk. Vale a pena mto bom']",2
5,Itaim Bibi,-23.583656,-46.677918,Muuburger,-23.58610805887629,-46.68011666982044,55f6e72f498eb5f6b7aa9d58,11270,8.3,"['hoje tava muito bom! p√£o bom, bacon del√≠cia... recomendo o ""all american"". batata tamb√©m tava boa, os cara pegaram no tranco auehaue', 'Burgers variados por 22. Fritas por 8. 30 reais bem gastos! Voltarei.']",1
8,Itaim Bibi,-23.583656,-46.677918,Classic Burger Ha√ºs,-23.583058914433703,-46.67617670481654,564bd2e3498e1cba92476299,11270,7.0,"['Otima hamburger!!!', 'Burguer incr√≠vel! P√£o Maravilhoso! Ah! O ponto da carne tem que avisar, sen√£o vem bem passado! Quem gosta de carne rosada, tem q pedir!']",2
5,Itaim Bibi,-23.583656,-46.677918,Varanda Burguer,-23.582869211639583,-46.669925970892734,56bb905c498e886d33450790,11270,8.2,"['Burguer fenomenal! Pre√ßo justo, atendimento muito bom! Batata perfeita. Com certeza um dos melhores, sen√£o o melhor que j√° comi. (Comi acho que o ‚Äúvaranda‚Äù: burguer, r√∫cula e catchup de goiaba). FODA!', 'Bom...recomendo']",1
8,Itaim Bibi,-23.583656,-46.677918,Achapa,-23.58042152062356,-46.674754088513495,51c88f78498edb10ae45797d,11270,7.4,"['senha do wifi: itaim198198', 'problema: vc vai embora meio defumado']",2
8,Itaim Bibi,-23.583656,-46.677918,TheDog Ha√ºs,-23.583016394792043,-46.67622519366319,5058b9cae4b0700b20010a3b,11270,7.6,"['Hot dog bom preparado e servido por gatos: gostamos.', 'Combina√ß√£o dos sonhos: Salsicha de cordeiro com hortel√£, molho bluecheese e relish de pepino. Heineken obrigat√≥ria.']",2
8,Itaim Bibi,-23.583656,-46.677918,Dona De√¥la,-23.58619511861078,-46.6806454825356,5384815d498e59fb623fcc3d,11270,7.3,"['Inaugura√ß√£o hj (15/09). A partir do dia 18/09 ser√° 24 horas! Essa unidade √© t√£o boa quanto as demais! Os bolos s√£o maravilhosos! Nem parecem de padaria!', 'Bolos √≥timos! Pizzas n√£o s√£o t√£o boas pelo pre√ßo que √© cobrado!']",2
